bench_id,date,hw_profile,engine_ver,model,quant,tp,dp,max_num_batched_tokens,max_num_seqs,prefix_cache,batch_invariant,concurrency,input_len,output_len,tok_s_output,tok_s_total,ttft_p50_ms,ttft_p99_ms,itl_p50_ms,itl_p99_ms,kv_cache_usage,notes
p18-Qwen3-8B-bf16-mnbt2048-c32,2026-09-02,borrowed-2026-09,vllm-0.28.0,Qwen/Qwen3-8B,bf16,1,1,2048,128,default(on),0,32,1500,128,270.69,3442.86,5511.06,11332.85,33.317,375.941,0.882,num_prompts=200;dur=94.6s;completed=200
p18-Qwen3-8B-w8a8-int8-mnbt2048-c32,2026-09-02,borrowed-2026-09,vllm-0.28.0,nytopop/Qwen3-8B.w8a8,w8a8-int8,1,1,2048,128,default(on),0,32,1500,128,459.09,5839.1,1090.64,4118.02,26.937,277.127,0.635,num_prompts=200;dur=55.8s;completed=200
p18-Qwen3-8B-w4a16-awq-mnbt2048-c32,2026-09-02,borrowed-2026-09,vllm-0.28.0,Qwen/Qwen3-8B-AWQ,w4a16-awq,1,1,2048,128,default(on),0,32,1500,128,347.63,4421.48,1748.34,6677.01,22.416,445.736,0.505,num_prompts=200;dur=73.6s;completed=200
p18-Qwen3-8B-w8a8-int8-mnbt2048-c128,2026-09-02,borrowed-2026-09,vllm-0.28.0,nytopop/Qwen3-8B.w8a8,w8a8-int8,1,1,2048,128,default(on),0,128,1500,128,416.75,5300.52,23071.95,34942.42,38.407,312.221,0.993,num_prompts=400;dur=122.9s;completed=400
p18-Qwen3-14B-w8a8-int8-mnbt2048-c32,2026-09-02,borrowed-2026-09,vllm-0.28.0,nytopop/Qwen3-14B.w8a8,w8a8-int8,1,1,2048,128,default(on),0,32,1500,128,218.25,2775.91,10416.59,14300.22,35.341,457.818,0.909,num_prompts=200;dur=117.3s;completed=200
p18-Qwen3-8B-bf16-mnbt2048-c128,2026-09-02,borrowed-2026-09,vllm-0.28.0,Qwen/Qwen3-8B,bf16,1,1,2048,128,default(on),0,128,1500,128,264.52,3364.31,51511.29,58806.35,33.568,381.451,0.928,num_prompts=400;dur=193.6s;completed=400
p18-Qwen3-14B-w4a16-awq-mnbt2048-c32,2026-09-02,borrowed-2026-09,vllm-0.28.0,Qwen/Qwen3-14B-AWQ,w4a16-awq,1,1,2048,128,default(on),0,32,1500,128,209.18,2660.45,3084.75,12729.1,29.437,778.154,0.781,num_prompts=200;dur=122.4s;completed=200
p18-Qwen3-8B-w4a16-awq-mnbt2048-c128,2026-09-02,borrowed-2026-09,vllm-0.28.0,Qwen/Qwen3-8B-AWQ,w4a16-awq,1,1,2048,128,default(on),0,128,1500,128,288.18,3665.29,30349.25,48530.17,48.528,505.681,0.997,num_prompts=400;dur=177.7s;completed=400
p18-Qwen3-8B-w8a8-int8-mnbt2048-c512,2026-09-02,borrowed-2026-09,vllm-0.28.0,nytopop/Qwen3-8B.w8a8,w8a8-int8,1,1,2048,128,default(on),0,512,1500,128,412.16,5242.11,88067.72,155961.86,38.58,314.057,0.996,num_prompts=600;dur=186.3s;completed=600
p18-Qwen3-14B-w8a8-int8-mnbt2048-c128,2026-09-02,borrowed-2026-09,vllm-0.28.0,nytopop/Qwen3-14B.w8a8,w8a8-int8,1,1,2048,128,default(on),0,128,1500,128,215.43,2740.02,64845.02,71876.49,35.559,464.356,0.961,num_prompts=400;dur=237.7s;completed=400
p18-Qwen3-8B-bf16-mnbt2048-c512,2026-09-02,borrowed-2026-09,vllm-0.28.0,Qwen/Qwen3-8B,bf16,1,1,2048,128,default(on),0,512,1500,128,262.85,3343.1,142221.35,242322.1,33.651,383.068,0.989,num_prompts=600;dur=292.2s;completed=600
p18-Qwen3-14B-w4a16-awq-mnbt2048-c128,2026-09-02,borrowed-2026-09,vllm-0.28.0,Qwen/Qwen3-14B-AWQ,w4a16-awq,1,1,2048,128,default(on),0,128,1500,128,179.1,2277.92,64314.52,82877.49,38.714,802.382,0.997,num_prompts=400;dur=285.9s;completed=400
p18-Qwen3-8B-w4a16-awq-mnbt2048-c512,2026-09-02,borrowed-2026-09,vllm-0.28.0,Qwen/Qwen3-8B-AWQ,w4a16-awq,1,1,2048,128,default(on),0,512,1500,128,286.07,3638.41,129073.03,220525.69,48.809,508.516,0.999,num_prompts=600;dur=268.5s;completed=600
p18-Qwen3-8B-w8a8-int8-mnbt8192-c32,2026-09-02,borrowed-2026-09,vllm-0.28.0,nytopop/Qwen3-8B.w8a8,w8a8-int8,1,1,8192,128,default(on),0,32,1500,128,470.22,5980.58,2636.32,4438.46,26.897,961.435,0.653,num_prompts=200;dur=54.4s;completed=200
p18-Qwen3-8B-w8a8-int8-mnbt8192-c128,2026-09-02,borrowed-2026-09,vllm-0.28.0,nytopop/Qwen3-8B.w8a8,w8a8-int8,1,1,8192,128,default(on),0,128,1500,128,431.65,5490.02,22397.24,34145.66,38.068,1029.256,1.0,num_prompts=400;dur=118.6s;completed=400
p18-Qwen3-8B-w4a16-awq-mnbt8192-c32,2026-09-02,borrowed-2026-09,vllm-0.28.0,Qwen/Qwen3-8B-AWQ,w4a16-awq,1,1,8192,128,default(on),0,32,1500,128,355.83,4525.66,3606.5,8201.69,22.502,1620.482,0.49,num_prompts=200;dur=71.9s;completed=200
p18-Qwen3-14B-bf16-mnbt2048-c32,2026-09-02,borrowed-2026-09,vllm-0.28.0,Qwen/Qwen3-14B,bf16,2,1,2048,128,default(on),0,32,1500,128,137.86,1753.45,3474.86,19630.85,44.592,1166.779,0.696,tp=2 forced: 14B BF16 weights ~29GB exceed one 24GB A5000 num_prompts=200;dur=185.7s;completed=200
p18-Qwen3-8B-bf16-mnbt8192-c32,2026-09-02,borrowed-2026-09,vllm-0.28.0,Qwen/Qwen3-8B,bf16,1,1,8192,128,default(on),0,32,1500,128,259.76,3303.83,7495.22,12073.86,33.351,1335.708,0.998,num_prompts=200;dur=98.6s;completed=200
p18-Qwen3-14B-w8a8-int8-mnbt2048-c512,2026-09-02,borrowed-2026-09,vllm-0.28.0,nytopop/Qwen3-14B.w8a8,w8a8-int8,1,1,2048,128,default(on),0,512,1500,128,215.14,2736.28,174183.41,299633.68,35.596,465.115,0.969,num_prompts=600;dur=357.0s;completed=600
p18-Qwen3-8B-w8a8-int8-mnbt8192-c512,2026-09-02,borrowed-2026-09,vllm-0.28.0,nytopop/Qwen3-8B.w8a8,w8a8-int8,1,1,8192,128,default(on),0,512,1500,128,428.66,5452.02,85513.37,148962.81,38.228,1038.358,0.997,num_prompts=600;dur=179.2s;completed=600
p18-Qwen3-8B-w4a16-awq-mnbt8192-c128,2026-09-02,borrowed-2026-09,vllm-0.28.0,Qwen/Qwen3-8B-AWQ,w4a16-awq,1,1,8192,128,default(on),0,128,1500,128,302.44,3846.65,30804.46,45831.21,49.306,1731.797,0.997,num_prompts=400;dur=169.3s;completed=400
p18-Qwen3-14B-w4a16-awq-mnbt2048-c512,2026-09-02,borrowed-2026-09,vllm-0.28.0,Qwen/Qwen3-14B-AWQ,w4a16-awq,1,1,2048,128,default(on),0,512,1500,128,177.85,2262.06,213512.67,361848.63,38.83,804.82,0.999,num_prompts=600;dur=431.8s;completed=600
p18-Qwen3-8B-bf16-mnbt8192-c128,2026-09-02,borrowed-2026-09,vllm-0.28.0,Qwen/Qwen3-8B,bf16,1,1,8192,128,default(on),0,128,1500,128,256.1,3257.28,53450.35,59828.62,33.48,1347.856,0.967,num_prompts=400;dur=199.9s;completed=400
p18-Qwen3-14B-w8a8-int8-mnbt8192-c32,2026-09-02,borrowed-2026-09,vllm-0.28.0,nytopop/Qwen3-14B.w8a8,w8a8-int8,1,1,8192,128,default(on),0,32,1500,128,211.92,2695.39,12323.9,14847.95,32.376,1175.825,0.989,num_prompts=200;dur=120.8s;completed=200
p18-Qwen3-8B-w8a8-int8-mnbt16384-c32,2026-09-02,borrowed-2026-09,vllm-0.28.0,nytopop/Qwen3-8B.w8a8,w8a8-int8,1,1,16384,128,default(on),0,32,1500,128,468.45,5958.15,2361.16,5248.84,26.921,901.729,0.645,num_prompts=200;dur=54.6s;completed=200
p18-Qwen3-8B-w4a16-awq-mnbt8192-c512,2026-09-02,borrowed-2026-09,vllm-0.28.0,Qwen/Qwen3-8B-AWQ,w4a16-awq,1,1,8192,128,default(on),0,512,1500,128,301.97,3840.67,124017.03,210997.62,49.386,1738.65,1.0,num_prompts=600;dur=254.3s;completed=600
p18-Qwen3-14B-bf16-mnbt2048-c128,2026-09-02,borrowed-2026-09,vllm-0.28.0,Qwen/Qwen3-14B,bf16,2,1,2048,128,default(on),0,128,1500,128,123.86,1575.3,88597.87,122881.64,57.385,1187.003,1.0,tp=2 forced: 14B BF16 weights ~29GB exceed one 24GB A5000 num_prompts=400;dur=413.4s;completed=400
p18-Qwen3-8B-w8a8-int8-mnbt16384-c128,2026-09-02,borrowed-2026-09,vllm-0.28.0,nytopop/Qwen3-8B.w8a8,w8a8-int8,1,1,16384,128,default(on),0,128,1500,128,435.08,5533.66,23276.32,33236.91,36.08,1983.396,0.989,num_prompts=400;dur=117.7s;completed=400
p18-Qwen3-14B-w4a16-awq-mnbt8192-c32,2026-09-02,borrowed-2026-09,vllm-0.28.0,Qwen/Qwen3-14B-AWQ,w4a16-awq,1,1,8192,128,default(on),0,32,1500,128,213.82,2719.55,8482.21,15208.7,29.348,2711.123,0.804,num_prompts=200;dur=119.7s;completed=200
p18-Qwen3-8B-bf16-mnbt8192-c512,2026-09-02,borrowed-2026-09,vllm-0.28.0,Qwen/Qwen3-8B,bf16,1,1,8192,128,default(on),0,512,1500,128,256.85,3266.77,145921.26,248450.21,33.509,1354.492,0.997,num_prompts=600;dur=299.0s;completed=600
p18-Qwen3-14B-w8a8-int8-mnbt8192-c128,2026-09-02,borrowed-2026-09,vllm-0.28.0,nytopop/Qwen3-14B.w8a8,w8a8-int8,1,1,8192,128,default(on),0,128,1500,128,212.51,2702.9,69861.81,72659.97,32.455,1275.81,0.994,num_prompts=400;dur=240.9s;completed=400
p18-Qwen3-8B-w4a16-awq-mnbt16384-c32,2026-09-02,borrowed-2026-09,vllm-0.28.0,Qwen/Qwen3-8B-AWQ,w4a16-awq,1,1,16384,128,default(on),0,32,1500,128,354.92,4514.12,3582.08,7751.98,22.513,1613.199,0.521,num_prompts=200;dur=72.1s;completed=200
p18-Qwen3-8B-w8a8-int8-mnbt16384-c512,2026-09-02,borrowed-2026-09,vllm-0.28.0,nytopop/Qwen3-8B.w8a8,w8a8-int8,1,1,16384,128,default(on),0,512,1500,128,434.69,5528.67,88055.32,147239.31,36.267,2001.312,0.998,num_prompts=600;dur=176.7s;completed=600
p18-Qwen3-14B-w4a16-awq-mnbt8192-c128,2026-09-02,borrowed-2026-09,vllm-0.28.0,Qwen/Qwen3-14B-AWQ,w4a16-awq,1,1,8192,128,default(on),0,128,1500,128,184.48,2346.37,66229.99,88751.15,38.391,2982.341,0.997,num_prompts=400;dur=277.5s;completed=400
p18-Qwen3-8B-bf16-mnbt16384-c32,2026-09-02,borrowed-2026-09,vllm-0.28.0,Qwen/Qwen3-8B,bf16,1,1,16384,128,default(on),0,32,1500,128,254.36,3235.13,9761.15,12586.7,33.059,816.404,0.996,num_prompts=200;dur=100.6s;completed=200
p18-Qwen3-8B-w4a16-awq-mnbt16384-c128,2026-09-02,borrowed-2026-09,vllm-0.28.0,Qwen/Qwen3-8B-AWQ,w4a16-awq,1,1,16384,128,default(on),0,128,1500,128,314.58,4001.06,31973.19,44298.24,39.689,3343.199,0.993,num_prompts=400;dur=162.8s;completed=400
p18-Qwen3-14B-w8a8-int8-mnbt8192-c512,2026-09-02,borrowed-2026-09,vllm-0.28.0,nytopop/Qwen3-14B.w8a8,w8a8-int8,1,1,8192,128,default(on),0,512,1500,128,213.44,2714.63,178287.61,302835.64,32.462,1188.871,0.999,num_prompts=600;dur=359.8s;completed=600
p18-Qwen3-8B-bf16-mnbt16384-c128,2026-09-02,borrowed-2026-09,vllm-0.28.0,Qwen/Qwen3-8B,bf16,1,1,16384,128,default(on),0,128,1500,128,249.49,3173.21,58649.78,62821.54,33.225,199.435,0.999,num_prompts=400;dur=205.2s;completed=400
p18-Qwen3-14B-bf16-mnbt2048-c512,2026-09-02,borrowed-2026-09,vllm-0.28.0,Qwen/Qwen3-14B,bf16,2,1,2048,128,default(on),0,512,1500,128,124.1,1578.38,305464.9,515683.36,57.391,1183.636,0.998,tp=2 forced: 14B BF16 weights ~29GB exceed one 24GB A5000 num_prompts=600;dur=618.9s;completed=600
p18-Qwen3-8B-w4a16-awq-mnbt16384-c512,2026-09-02,borrowed-2026-09,vllm-0.28.0,Qwen/Qwen3-8B-AWQ,w4a16-awq,1,1,16384,128,default(on),0,512,1500,128,312.6,3975.93,120020.15,208734.43,39.863,3363.534,0.997,num_prompts=600;dur=245.7s;completed=600
p18-Qwen3-14B-w4a16-awq-mnbt8192-c512,2026-09-02,borrowed-2026-09,vllm-0.28.0,Qwen/Qwen3-14B-AWQ,w4a16-awq,1,1,8192,128,default(on),0,512,1500,128,183.89,2338.83,208775.61,351505.86,38.418,2985.651,0.998,num_prompts=600;dur=417.6s;completed=600
p18-Qwen3-14B-w8a8-int8-mnbt16384-c32,2026-09-02,borrowed-2026-09,vllm-0.28.0,nytopop/Qwen3-14B.w8a8,w8a8-int8,1,1,16384,128,default(on),0,32,1500,128,195.7,2489.03,12621.92,20795.79,31.184,327.828,1.0,num_prompts=200;dur=130.8s;completed=200
p18-Qwen3-8B-bf16-mnbt16384-c512,2026-09-02,borrowed-2026-09,vllm-0.28.0,Qwen/Qwen3-8B,bf16,1,1,16384,128,default(on),0,512,1500,128,252.16,3207.18,148802.41,254223.18,33.225,242.448,0.998,num_prompts=600;dur=304.6s;completed=600
p18-Qwen3-14B-bf16-mnbt8192-c32,2026-09-02,borrowed-2026-09,vllm-0.28.0,Qwen/Qwen3-14B,bf16,2,1,8192,128,default(on),0,32,1500,128,138.57,1762.46,9604.46,18225.87,44.572,4197.985,0.624,tp=2 forced: 14B BF16 weights ~29GB exceed one 24GB A5000 num_prompts=200;dur=184.7s;completed=200
p18-Qwen3-14B-w8a8-int8-mnbt16384-c128,2026-09-02,borrowed-2026-09,vllm-0.28.0,nytopop/Qwen3-14B.w8a8,w8a8-int8,1,1,16384,128,default(on),0,128,1500,128,196.89,2504.14,72590.0,80608.64,31.229,331.363,0.996,num_prompts=400;dur=260.0s;completed=400
p18-Qwen3-14B-w4a16-awq-mnbt16384-c32,2026-09-02,borrowed-2026-09,vllm-0.28.0,Qwen/Qwen3-14B-AWQ,w4a16-awq,1,1,16384,128,default(on),0,32,1500,128,213.69,2717.89,7931.57,15865.92,29.357,2146.58,0.791,num_prompts=200;dur=119.8s;completed=200
p18-Qwen3-14B-w4a16-awq-mnbt16384-c128,2026-09-02,borrowed-2026-09,vllm-0.28.0,Qwen/Qwen3-14B-AWQ,w4a16-awq,1,1,16384,128,default(on),0,128,1500,128,183.79,2337.61,69388.74,88002.67,37.833,4630.483,1.0,num_prompts=400;dur=278.6s;completed=400
p18-Qwen3-14B-bf16-mnbt8192-c128,2026-09-02,borrowed-2026-09,vllm-0.28.0,Qwen/Qwen3-14B,bf16,2,1,8192,128,default(on),0,128,1500,128,124.53,1583.87,83985.36,127332.41,61.707,4574.61,1.0,tp=2 forced: 14B BF16 weights ~29GB exceed one 24GB A5000 num_prompts=400;dur=411.1s;completed=400
p18-Qwen3-14B-w8a8-int8-mnbt16384-c512,2026-09-02,borrowed-2026-09,vllm-0.28.0,nytopop/Qwen3-14B.w8a8,w8a8-int8,1,1,16384,128,default(on),0,512,1500,128,198.06,2519.13,190533.24,327059.18,31.238,329.194,1.0,num_prompts=600;dur=387.8s;completed=600
p18-Qwen3-14B-w4a16-awq-mnbt16384-c512,2026-09-02,borrowed-2026-09,vllm-0.28.0,Qwen/Qwen3-14B-AWQ,w4a16-awq,1,1,16384,128,default(on),0,512,1500,128,183.7,2336.48,207146.97,356090.2,37.85,4625.481,0.999,num_prompts=600;dur=418.1s;completed=600
p18-Qwen3-14B-bf16-mnbt8192-c512,2026-09-02,borrowed-2026-09,vllm-0.28.0,Qwen/Qwen3-14B,bf16,2,1,8192,128,default(on),0,512,1500,128,124.52,1583.76,302496.47,515076.54,61.755,4572.934,0.998,tp=2 forced: 14B BF16 weights ~29GB exceed one 24GB A5000 num_prompts=600;dur=616.8s;completed=600
p18-Qwen3-14B-bf16-mnbt16384-c32,2026-09-02,borrowed-2026-09,vllm-0.28.0,Qwen/Qwen3-14B,bf16,2,1,16384,128,default(on),0,32,1500,128,138.07,1756.02,14254.72,22594.93,44.529,1719.522,0.671,tp=2 forced: 14B BF16 weights ~29GB exceed one 24GB A5000 num_prompts=200;dur=185.4s;completed=200
p18-Qwen3-14B-bf16-mnbt16384-c128,2026-09-02,borrowed-2026-09,vllm-0.28.0,Qwen/Qwen3-14B,bf16,2,1,16384,128,default(on),0,128,1500,128,122.19,1554.14,92302.76,127802.24,60.772,9155.445,0.998,tp=2 forced: 14B BF16 weights ~29GB exceed one 24GB A5000 num_prompts=400;dur=419.0s;completed=400
p18-Qwen3-14B-bf16-mnbt16384-c512,2026-09-02,borrowed-2026-09,vllm-0.28.0,Qwen/Qwen3-14B,bf16,2,1,16384,128,default(on),0,512,1500,128,122.41,1556.94,318553.14,526539.13,60.805,9169.91,0.998,tp=2 forced: 14B BF16 weights ~29GB exceed one 24GB A5000 num_prompts=600;dur=627.4s;completed=600
m2-8b-int8-mns512-c32-o128,2026-09-02,borrowed-2026-09,vllm-0.28.0,nytopop/Qwen3-8B.w8a8,w8a8-int8,1,1,8192,512,on,0,32,1500,128,473.26,6019.32,2582.04,4828.29,26.838,954.862,0.637,task1 mns sweep; ds=random;num_prompts=200;dur=54.1s;completed=200;pc_hit=43.3%
m2-8b-int8-mns128-c32-o128,2026-09-02,borrowed-2026-09,vllm-0.28.0,nytopop/Qwen3-8B.w8a8,w8a8-int8,1,1,8192,128,on,0,32,1500,128,473.69,6024.76,1809.5,3826.32,26.845,773.503,0.648,task1 mns sweep; ds=random;num_prompts=200;dur=54.0s;completed=200;pc_hit=27.4%
m2-8b-int8-pcON-c32-o128-pfx,2026-09-02,borrowed-2026-09,vllm-0.28.0,nytopop/Qwen3-8B.w8a8,w8a8-int8,1,1,8192,128,on,0,32,1500,128,789.36,10039.62,1330.59,1908.46,23.645,104.757,0.222,task3 prefix-cache ON;shared1000+suffix500; ds=prefix_repetition;num_prompts=200;dur=32.4s;completed=200;pc_hit=67.4%
m2-8b-int8-pcON-c128-o128-pfx,2026-09-02,borrowed-2026-09,vllm-0.28.0,nytopop/Qwen3-8B.w8a8,w8a8-int8,1,1,8192,128,on,0,128,1500,128,1031.86,13123.98,3223.21,7143.1,56.487,1079.916,0.926,task3 prefix-cache ON;shared1000+suffix500; ds=prefix_repetition;num_prompts=400;dur=49.6s;completed=400;pc_hit=68.8%
m2-8b-int8-bi0-c32-o128,2026-09-02,borrowed-2026-09,vllm-0.28.0,nytopop/Qwen3-8B.w8a8,w8a8-int8,1,1,8192,128,on,0,32,1500,128,476.91,6065.66,2341.07,3795.69,26.831,944.339,0.624,task5 control BI=0; ds=random;num_prompts=200;dur=53.7s;completed=200;pc_hit=42.5%
m2-8b-int8-mns128-c128-o128,2026-09-02,borrowed-2026-09,vllm-0.28.0,nytopop/Qwen3-8B.w8a8,w8a8-int8,1,1,8192,128,on,0,128,1500,128,449.45,5716.49,21949.65,32906.1,37.873,1006.883,0.995,task1 mns sweep; ds=random;num_prompts=400;dur=113.9s;completed=400;pc_hit=10.6%
m2-8b-int8-mns512-c128-o128,2026-09-02,borrowed-2026-09,vllm-0.28.0,nytopop/Qwen3-8B.w8a8,w8a8-int8,1,1,8192,512,on,0,128,1500,128,440.2,5598.83,22414.92,33766.98,38.321,1027.164,0.999,task1 mns sweep; ds=random;num_prompts=400;dur=116.3s;completed=400;pc_hit=10.6%
m2-14b-int8-mns128-c32-o128,2026-09-02,borrowed-2026-09,vllm-0.28.0,nytopop/Qwen3-14B.w8a8,w8a8-int8,1,1,8192,128,on,0,32,1500,128,208.7,2654.36,12562.37,15020.54,35.219,1145.74,0.784,task1 mns sweep 14B tp1; ds=random;num_prompts=200;dur=122.7s;completed=200;pc_hit=0.0%
m2-8b-int8-pcON-c32-o128-rnd,2026-09-02,borrowed-2026-09,vllm-0.28.0,nytopop/Qwen3-8B.w8a8,w8a8-int8,1,1,8192,128,on,0,32,1500,128,435.46,5538.51,3067.08,5751.95,26.975,982.562,0.623,task3 prefix-cache ON;shared1000+suffix500; ds=random;num_prompts=200;dur=58.8s;completed=200;pc_hit=67.6%
m2-027-8b-int8-mns128-c32-o128,2026-09-02,borrowed-2026-09,vllm-0.27.1,nytopop/Qwen3-8B.w8a8,w8a8-int8,1,1,8192,128,on,0,32,1500,128,476.5,6060.54,2584.34,4685.35,26.888,941.782,0.654,task4 MRV2 baseline on vLLM 0.27.1; ds=random;num_prompts=200;dur=53.7s;completed=200;pc_hit=42.5%
m2-8b-int8-bi0-c128-o128,2026-09-02,borrowed-2026-09,vllm-0.28.0,nytopop/Qwen3-8B.w8a8,w8a8-int8,1,1,8192,128,on,0,128,1500,128,451.02,5736.4,21346.62,33420.33,38.31,999.715,0.998,task5 control BI=0; ds=random;num_prompts=400;dur=113.5s;completed=400;pc_hit=10.6%
m2-14b-int8-mml4096-mns256-c32-o128,2026-09-02,borrowed-2026-09,vllm-0.28.0,nytopop/Qwen3-14B.w8a8,w8a8-int8,1,1,8192,256,on,0,32,1500,128,212.68,2704.98,12281.32,14774.27,32.415,1172.478,0.995,task6 max-model-len 4096 KV relaxation; ds=random;num_prompts=200;dur=120.4s;completed=200;pc_hit=0.0%
m2-027-8b-int8-mns128-c128-o128,2026-09-02,borrowed-2026-09,vllm-0.27.1,nytopop/Qwen3-8B.w8a8,w8a8-int8,1,1,8192,128,on,0,128,1500,128,447.7,5694.19,22043.29,33040.17,37.982,1010.133,0.987,task4 MRV2 baseline on vLLM 0.27.1; ds=random;num_prompts=400;dur=114.4s;completed=400;pc_hit=10.6%
m2-8b-int8-mns128-c512-o128,2026-09-02,borrowed-2026-09,vllm-0.28.0,nytopop/Qwen3-8B.w8a8,w8a8-int8,1,1,8192,128,on,0,512,1500,128,444.47,5653.13,81810.66,145722.65,38.058,1014.375,0.996,task1 mns sweep; ds=random;num_prompts=600;dur=172.8s;completed=600;pc_hit=3.8%
m2-8b-int8-mns512-c512-o128,2026-09-02,borrowed-2026-09,vllm-0.28.0,nytopop/Qwen3-8B.w8a8,w8a8-int8,1,1,8192,512,on,0,512,1500,128,434.79,5529.93,84129.49,144696.03,38.6,1039.938,0.998,task1 mns sweep; ds=random;num_prompts=600;dur=176.6s;completed=600;pc_hit=3.8%
m2-8b-int8-pcOFF-c32-o128-pfx,2026-09-02,borrowed-2026-09,vllm-0.28.0,nytopop/Qwen3-8B.w8a8,w8a8-int8,1,1,8192,128,off,0,32,1500,128,437.18,5560.35,2726.15,5688.7,26.94,968.533,0.53,task3 prefix-cache OFF;shared1000+suffix500; ds=prefix_repetition;num_prompts=200;dur=58.6s;completed=200;pc_hit=0.0%
m2-14b-int8-mns128-c128-o128,2026-09-02,borrowed-2026-09,vllm-0.28.0,nytopop/Qwen3-14B.w8a8,w8a8-int8,1,1,8192,128,on,0,128,1500,128,208.67,2653.99,68405.01,74277.01,35.528,1163.141,0.841,task1 mns sweep 14B tp1; ds=random;num_prompts=400;dur=245.4s;completed=400;pc_hit=0.0%
m2-8b-int8-bi1-c32-o128,2026-09-02,borrowed-2026-09,vllm-0.28.0,nytopop/Qwen3-8B.w8a8,w8a8-int8,1,1,8192,128,on,1,32,1500,128,467.75,5949.24,2405.76,5218.14,28.22,937.18,0.623,task5 VLLM_BATCH_INVARIANT=1; ds=random;num_prompts=200;dur=54.7s;completed=200;pc_hit=30.9%
m2-8b-int8-pcOFF-c128-o128-pfx,2026-09-02,borrowed-2026-09,vllm-0.28.0,nytopop/Qwen3-8B.w8a8,w8a8-int8,1,1,8192,128,off,0,128,1500,128,432.42,5499.88,22292.05,34848.6,38.799,1034.901,0.993,task3 prefix-cache OFF;shared1000+suffix500; ds=prefix_repetition;num_prompts=400;dur=118.4s;completed=400;pc_hit=0.0%
m2-8b-int8-pcOFF-c32-o128-rnd,2026-09-02,borrowed-2026-09,vllm-0.28.0,nytopop/Qwen3-8B.w8a8,w8a8-int8,1,1,8192,128,off,0,32,1500,128,432.41,5499.65,3147.98,5825.95,27.028,992.774,0.624,task3 prefix-cache OFF;shared1000+suffix500; ds=random;num_prompts=200;dur=59.2s;completed=200;pc_hit=0.0%
m2-14b-int8-mml4096-mns256-c128-o128,2026-09-02,borrowed-2026-09,vllm-0.28.0,nytopop/Qwen3-14B.w8a8,w8a8-int8,1,1,8192,256,on,0,128,1500,128,213.29,2712.8,69484.72,72569.98,32.433,1276.638,0.988,task6 max-model-len 4096 KV relaxation; ds=random;num_prompts=400;dur=240.0s;completed=400;pc_hit=0.0%
m2-8b-int8-bi1-c128-o128,2026-09-02,borrowed-2026-09,vllm-0.28.0,nytopop/Qwen3-8B.w8a8,w8a8-int8,1,1,8192,128,on,1,128,1500,128,450.85,5734.22,21711.08,32725.68,39.097,984.021,1.0,task5 VLLM_BATCH_INVARIANT=1; ds=random;num_prompts=400;dur=113.6s;completed=400;pc_hit=10.6%
m2-8b-int8-mns128-c1024-o128,2026-09-02,borrowed-2026-09,vllm-0.28.0,nytopop/Qwen3-8B.w8a8,w8a8-int8,1,1,8192,128,on,0,1024,1500,128,442.29,5625.38,169236.22,293017.78,38.184,1018.243,1.0,task1 mns sweep; ds=random;num_prompts=1200;dur=347.3s;completed=1200;pc_hit=0.0%
m2-8b-int8-mns512-c1024-o128,2026-09-02,borrowed-2026-09,vllm-0.28.0,nytopop/Qwen3-8B.w8a8,w8a8-int8,1,1,8192,512,on,0,1024,1500,128,432.87,5505.55,173318.44,294103.66,38.752,1043.481,0.998,task1 mns sweep; ds=random;num_prompts=1200;dur=354.8s;completed=1200;pc_hit=0.0%
m2-14b-int8-mns128-c512-o128,2026-09-02,borrowed-2026-09,vllm-0.28.0,nytopop/Qwen3-14B.w8a8,w8a8-int8,1,1,8192,128,on,0,512,1500,128,209.22,2660.96,182619.47,306341.17,35.619,1186.543,0.974,task1 mns sweep 14B tp1; ds=random;num_prompts=600;dur=367.1s;completed=600;pc_hit=0.0%
m2-8b-int8-mns256-c32-o128,2026-09-02,borrowed-2026-09,vllm-0.28.0,nytopop/Qwen3-8B.w8a8,w8a8-int8,1,1,8192,256,on,0,32,1500,128,473.45,6021.66,2497.57,4613.66,26.888,952.006,0.622,task1 mns sweep; ds=random;num_prompts=200;dur=54.1s;completed=200;pc_hit=42.5%
m2-8b-int8-mns1024-c32-o128,2026-09-02,borrowed-2026-09,vllm-0.28.0,nytopop/Qwen3-8B.w8a8,w8a8-int8,1,1,8192,1024,on,0,32,1500,128,466.96,5939.21,2261.3,4539.66,26.934,971.037,0.662,task1 mns sweep; ds=random;num_prompts=200;dur=54.8s;completed=200;pc_hit=42.5%
m2-14b-int8-mml4096-mns256-c512-o128,2026-09-02,borrowed-2026-09,vllm-0.28.0,nytopop/Qwen3-14B.w8a8,w8a8-int8,1,1,8192,256,on,0,512,1500,128,214.51,2728.34,177715.99,301165.94,32.404,1242.22,1.0,task6 max-model-len 4096 KV relaxation; ds=random;num_prompts=600;dur=358.0s;completed=600;pc_hit=0.0%
m2-8b-int8-mns256-c128-o128,2026-09-02,borrowed-2026-09,vllm-0.28.0,nytopop/Qwen3-8B.w8a8,w8a8-int8,1,1,8192,256,on,0,128,1500,128,446.35,5676.98,21482.27,33744.58,38.44,1009.371,0.997,task1 mns sweep; ds=random;num_prompts=400;dur=114.7s;completed=400;pc_hit=10.6%
m2-8b-int8-mns1024-c128-o128,2026-09-02,borrowed-2026-09,vllm-0.28.0,nytopop/Qwen3-8B.w8a8,w8a8-int8,1,1,8192,1024,on,0,128,1500,128,428.08,5444.7,22555.75,34477.89,37.98,1030.909,0.998,task1 mns sweep; ds=random;num_prompts=400;dur=119.6s;completed=400;pc_hit=10.6%
m2-8b-int8-mns256-c512-o128,2026-09-02,borrowed-2026-09,vllm-0.28.0,nytopop/Qwen3-8B.w8a8,w8a8-int8,1,1,8192,256,on,0,512,1500,128,442.98,5634.09,83033.89,142286.55,38.545,1013.424,1.0,task1 mns sweep; ds=random;num_prompts=600;dur=173.4s;completed=600;pc_hit=3.8%
m2-8b-int8-mns1024-c512-o128,2026-09-02,borrowed-2026-09,vllm-0.28.0,nytopop/Qwen3-8B.w8a8,w8a8-int8,1,1,8192,1024,on,0,512,1500,128,431.71,5490.81,87961.76,148123.29,37.972,1029.103,1.0,task1 mns sweep; ds=random;num_prompts=600;dur=177.9s;completed=600;pc_hit=3.8%
m2-8b-int8-mns256-c1024-o128,2026-09-02,borrowed-2026-09,vllm-0.28.0,nytopop/Qwen3-8B.w8a8,w8a8-int8,1,1,8192,256,on,0,1024,1500,128,442.28,5625.25,169866.97,289479.58,38.615,1015.605,1.0,task1 mns sweep; ds=random;num_prompts=1200;dur=347.3s;completed=1200;pc_hit=0.0%
m2-14b-int8-mns128-c1024-o128,2026-09-02,borrowed-2026-09,vllm-0.28.0,nytopop/Qwen3-14B.w8a8,w8a8-int8,1,1,8192,128,on,0,1024,1500,128,210.13,2672.53,364812.53,617505.52,35.637,1190.591,0.997,task1 mns sweep 14B tp1; ds=random;num_prompts=1200;dur=731.0s;completed=1200;pc_hit=0.0%
m2-8b-int8-mns1024-c1024-o128,2026-09-02,borrowed-2026-09,vllm-0.28.0,nytopop/Qwen3-8B.w8a8,w8a8-int8,1,1,8192,1024,on,0,1024,1500,128,434.82,5530.36,175944.13,295293.84,38.004,1030.304,1.0,task1 mns sweep; ds=random;num_prompts=1200;dur=353.3s;completed=1200;pc_hit=0.0%
m2-8b-int8-olen-mns128-c32-o64,2026-09-02,borrowed-2026-09,vllm-0.28.0,nytopop/Qwen3-8B.w8a8,w8a8-int8,1,1,8192,128,on,0,32,1500,64,287.65,7029.56,2335.72,4295.41,26.71,978.18,0.587,task2 output-len sensitivity;winning cfg mns=128 conc=32; ds=random;num_prompts=400;dur=89.0s;completed=400;pc_hit=32.2%
m2-8b-int8-olen-mns128-c32-o128,2026-09-02,borrowed-2026-09,vllm-0.28.0,nytopop/Qwen3-8B.w8a8,w8a8-int8,1,1,8192,128,on,0,32,1500,128,434.33,5524.09,2799.02,5768.86,26.993,979.568,0.611,task2 output-len sensitivity;winning cfg mns=128 conc=32; ds=random;num_prompts=200;dur=58.9s;completed=200;pc_hit=5.6%
m2-8b-int8-olen-mns128-c32-o256,2026-09-02,borrowed-2026-09,vllm-0.28.0,nytopop/Qwen3-8B.w8a8,w8a8-int8,1,1,8192,128,on,0,32,1500,256,590.06,4047.48,3173.84,5832.92,27.379,692.053,0.642,task2 output-len sensitivity;winning cfg mns=128 conc=32; ds=random;num_prompts=100;dur=43.4s;completed=100;pc_hit=3.8%
m2-14b-int8-mns256-c32-o128,2026-09-02,borrowed-2026-09,vllm-0.28.0,nytopop/Qwen3-14B.w8a8,w8a8-int8,1,1,8192,256,on,0,32,1500,128,211.17,2685.79,12244.31,15980.82,36.322,1314.788,0.991,task1 mns sweep 14B tp1; ds=random;num_prompts=200;dur=121.2s;completed=200;pc_hit=0.0%
m2-14b-int8-mns256-c128-o128,2026-09-02,borrowed-2026-09,vllm-0.28.0,nytopop/Qwen3-14B.w8a8,w8a8-int8,1,1,8192,256,on,0,128,1500,128,210.42,2676.24,68017.7,70870.22,36.452,1541.218,0.999,task1 mns sweep 14B tp1; ds=random;num_prompts=400;dur=243.3s;completed=400;pc_hit=0.0%
m2-14b-int8-mns256-c512-o128,2026-09-02,borrowed-2026-09,vllm-0.28.0,nytopop/Qwen3-14B.w8a8,w8a8-int8,1,1,8192,256,on,0,512,1500,128,211.08,2684.7,178643.43,305274.84,36.478,1643.124,1.0,task1 mns sweep 14B tp1; ds=random;num_prompts=600;dur=363.8s;completed=600;pc_hit=0.0%
m2-14b-int8-mns256-c1024-o128,2026-09-02,borrowed-2026-09,vllm-0.28.0,nytopop/Qwen3-14B.w8a8,w8a8-int8,1,1,8192,256,on,0,1024,1500,128,211.55,2690.62,362103.08,612560.18,36.47,1657.469,0.999,task1 mns sweep 14B tp1; ds=random;num_prompts=1200;dur=726.1s;completed=1200;pc_hit=0.0%
m2-8b-int8-olenPFX-c32-o64-pfx,2026-09-02,borrowed-2026-09,vllm-0.28.0,nytopop/Qwen3-8B.w8a8,w8a8-int8,1,1,8192,128,on,0,32,1500,64,585.4,14305.63,1549.38,1946.23,23.437,433.998,0.234,task2-clean v2 operating point;shared1000+suffix500; ds=prefix_repetition;num_prompts=400;dur=43.7s;completed=400;pc_hit=66.9%
m2-8b-int8-olenNC-c32-o64,2026-09-02,borrowed-2026-09,vllm-0.28.0,nytopop/Qwen3-8B.w8a8,w8a8-int8,1,1,8192,128,off,0,32,1500,64,280.94,6865.47,2844.86,4926.32,26.656,958.709,0.604,task2-clean no-cache floor;prefix caching OFF; ds=random;num_prompts=400;dur=91.1s;completed=400;pc_hit=0.0%
m2-8b-int8-olenPFX-c32-o128-pfx,2026-09-02,borrowed-2026-09,vllm-0.28.0,nytopop/Qwen3-8B.w8a8,w8a8-int8,1,1,8192,128,on,0,32,1500,128,808.96,10288.91,1218.15,1651.71,23.734,165.188,0.21,task2-clean v2 operating point;shared1000+suffix500; ds=prefix_repetition;num_prompts=200;dur=31.6s;completed=200;pc_hit=68.0%
m2-8b-int8-olenPFX-c32-o256-pfx,2026-09-02,borrowed-2026-09,vllm-0.28.0,nytopop/Qwen3-8B.w8a8,w8a8-int8,1,1,8192,128,on,0,32,1500,256,950.16,6517.49,995.29,1366.28,24.187,92.559,0.302,task2-clean v2 operating point;shared1000+suffix500; ds=prefix_repetition;num_prompts=100;dur=26.9s;completed=100;pc_hit=69.5%
m2-8b-int8-olenNC-c32-o128,2026-09-02,borrowed-2026-09,vllm-0.28.0,nytopop/Qwen3-8B.w8a8,w8a8-int8,1,1,8192,128,off,0,32,1500,128,443.0,5634.45,2810.73,5657.9,26.856,957.053,0.599,task2-clean no-cache floor;prefix caching OFF; ds=random;num_prompts=200;dur=57.8s;completed=200;pc_hit=0.0%
m2-8b-int8-olenNC-c32-o256,2026-09-02,borrowed-2026-09,vllm-0.28.0,nytopop/Qwen3-8B.w8a8,w8a8-int8,1,1,8192,128,off,0,32,1500,256,598.06,4102.31,2699.09,5664.0,27.286,674.411,0.659,task2-clean no-cache floor;prefix caching OFF; ds=random;num_prompts=100;dur=42.8s;completed=100;pc_hit=0.0%
m3-h-d3-c1c8-c32-o64-d3c1,2026-09-02,borrowed-2026-09,vllm-0.28.0,nytopop/Qwen3-8B.w8a8,w8a8-int8,1,1,8192,128,on,0,32,1500,64,598.97,14637.3,1265.97,1842.88,23.469,539.19,0.264,task1 hierarchical prefix; ds=custom;n=400;dur=42.7s;completed=400;req_s=9.359;mean_in_tok=1500;pc_hit=68.48%;pc_q=600000;depth=3;cells=1
m3-h-d3-c32c128-c32-o64-d3c32,2026-09-02,borrowed-2026-09,vllm-0.28.0,nytopop/Qwen3-8B.w8a8,w8a8-int8,1,1,8192,128,on,0,32,1500,64,516.16,12613.59,1520.53,2340.45,24.241,769.847,0.301,task1 hierarchical prefix; ds=custom;n=512;dur=63.5s;completed=512;req_s=8.065;mean_in_tok=1500;pc_hit=59.07%;pc_q=768000;depth=3;cells=32
m3-h-d3-c1c8-c128-o64-d3c1,2026-09-02,borrowed-2026-09,vllm-0.28.0,nytopop/Qwen3-8B.w8a8,w8a8-int8,1,1,8192,128,on,0,128,1500,64,684.07,16716.95,3921.65,8272.42,55.455,1072.457,0.846,task1 hierarchical prefix; ds=custom;n=400;dur=37.4s;completed=400;req_s=10.689;mean_in_tok=1500;pc_hit=67.2%;pc_q=600000;depth=3;cells=1
m3-h-d1-c32-o64-d1c0,2026-09-02,borrowed-2026-09,vllm-0.28.0,nytopop/Qwen3-8B.w8a8,w8a8-int8,1,1,8192,128,on,0,32,1500,64,415.09,10143.79,2057.88,3215.22,24.789,972.164,0.378,task1 hierarchical prefix;global clause only; ds=custom;n=400;dur=61.7s;completed=400;req_s=6.486;mean_in_tok=1500;pc_hit=42.86%;pc_q=600000;depth=1;cells=0
m3-h-d3-c1c8-c32-o128-d3c1,2026-09-02,borrowed-2026-09,vllm-0.28.0,nytopop/Qwen3-8B.w8a8,w8a8-int8,1,1,8192,128,on,0,32,1500,128,778.38,9900.0,1333.86,2015.26,23.815,119.875,0.279,task1 hierarchical prefix; ds=custom;n=200;dur=32.9s;completed=200;req_s=6.081;mean_in_tok=1500;pc_hit=67.2%;pc_q=300000;depth=3;cells=1
m3-h-d3-c32c128-c128-o64-d3c32,2026-09-02,borrowed-2026-09,vllm-0.28.0,nytopop/Qwen3-8B.w8a8,w8a8-int8,1,1,8192,128,on,0,128,1500,64,527.18,12882.87,3556.78,14260.57,55.124,1108.829,0.997,task1 hierarchical prefix; ds=custom;n=512;dur=62.2s;completed=512;req_s=8.237;mean_in_tok=1500;pc_hit=58.16%;pc_q=768000;depth=3;cells=32
m3-h-d3-c1c8-c128-o128-d3c1,2026-09-02,borrowed-2026-09,vllm-0.28.0,nytopop/Qwen3-8B.w8a8,w8a8-int8,1,1,8192,128,on,0,128,1500,128,1007.8,12818.0,3207.78,8379.74,55.375,1069.004,0.739,task1 hierarchical prefix; ds=custom;n=200;dur=25.4s;completed=200;req_s=7.873;mean_in_tok=1500;pc_hit=67.2%;pc_q=300000;depth=3;cells=1
m3-h-d3-zipf-c32-o64-d3c128zipf,2026-09-02,borrowed-2026-09,vllm-0.28.0,nytopop/Qwen3-8B.w8a8,w8a8-int8,1,1,8192,128,on,0,32,1500,64,521.75,12750.29,1691.4,2472.58,24.184,622.076,0.323,task1 zipf(1.0) cell popularity; ds=custom;n=768;dur=94.2s;completed=768;req_s=8.152;mean_in_tok=1500;pc_hit=59.19%;pc_q=1152000;depth=3;cells=128;zipf=1.0
m3-8b-ngram3-c32-o64-ngram3,2026-09-02,borrowed-2026-09,vllm-0.28.0,nytopop/Qwen3-8B.w8a8,w8a8-int8,1,1,8192,128,on,0,32,1500,64,387.92,9479.91,261.68,1693.07,55.406,303.199,0.326,task3 ngram spec k=3 lookup 2-4; ds=custom;n=512;dur=84.5s;completed=512;req_s=6.061;mean_in_tok=1500;pc_hit=58.92%;pc_q=768000
m3-h-d1-c128-o64-d1c0,2026-09-02,borrowed-2026-09,vllm-0.28.0,nytopop/Qwen3-8B.w8a8,w8a8-int8,1,1,8192,128,on,0,128,1500,64,415.22,10147.05,7485.55,17481.12,46.749,1081.188,0.991,task1 hierarchical prefix;global clause only; ds=custom;n=400;dur=61.7s;completed=400;req_s=6.488;mean_in_tok=1500;pc_hit=40.53%;pc_q=600000;depth=1;cells=0
m3-h-d3-c32c128-c32-o128-d3c32,2026-09-02,borrowed-2026-09,vllm-0.28.0,nytopop/Qwen3-8B.w8a8,w8a8-int8,1,1,8192,128,on,0,32,1500,128,720.07,9158.42,1853.33,2713.64,24.656,95.616,0.332,task1 hierarchical prefix; ds=custom;n=256;dur=45.5s;completed=256;req_s=5.626;mean_in_tok=1500;pc_hit=57.7%;pc_q=384000;depth=3;cells=32
m3-h-d3-c1c8-c32-o64-d3c8,2026-09-02,borrowed-2026-09,vllm-0.28.0,nytopop/Qwen3-8B.w8a8,w8a8-int8,1,1,8192,128,on,0,32,1500,64,539.11,13174.47,1429.45,2354.96,24.165,491.612,0.304,task1 hierarchical prefix; ds=custom;n=400;dur=47.5s;completed=400;req_s=8.424;mean_in_tok=1500;pc_hit=63.27%;pc_q=600000;depth=3;cells=8
m3-h-d3-c512-c32-o64-d3c512,2026-09-02,borrowed-2026-09,vllm-0.28.0,nytopop/Qwen3-8B.w8a8,w8a8-int8,1,1,8192,128,on,0,32,1500,64,472.64,11550.05,1893.71,2774.44,24.652,763.818,0.32,task1 hierarchical prefix; ds=custom;n=1536;dur=208.0s;completed=1536;req_s=7.385;mean_in_tok=1500;pc_hit=54.92%;pc_q=2304000;depth=3;cells=512
m3-h-d1-c32-o128-d1c0,2026-09-02,borrowed-2026-09,vllm-0.28.0,nytopop/Qwen3-8B.w8a8,w8a8-int8,1,1,8192,128,on,0,32,1500,128,588.45,7484.39,2210.1,3578.92,25.2,430.211,0.355,task1 hierarchical prefix;global clause only; ds=custom;n=200;dur=43.5s;completed=200;req_s=4.597;mean_in_tok=1500;pc_hit=40.53%;pc_q=300000;depth=1;cells=0
m3-h-d3-c32c128-c128-o128-d3c32,2026-09-02,borrowed-2026-09,vllm-0.28.0,nytopop/Qwen3-8B.w8a8,w8a8-int8,1,1,8192,128,on,0,128,1500,128,758.37,9645.51,4522.22,18999.45,54.037,1107.456,0.994,task1 hierarchical prefix; ds=custom;n=256;dur=43.2s;completed=256;req_s=5.925;mean_in_tok=1500;pc_hit=57.9%;pc_q=384000;depth=3;cells=32
m3-14b-int8-t2-c4-o512-t2,2026-09-02,borrowed-2026-09,vllm-0.28.0,nytopop/Qwen3-14B.w8a8,w8a8-int8,1,1,8192,64,on,0,4,1500,512,132.96,522.49,1101.54,1309.08,28.023,29.156,0.272,task4 T2 shape on 14B INT8 single GPU (comparison); ds=random;n=32;dur=123.2s;completed=32;req_s=0.260;mean_in_tok=1500;pc_hit=16.97%;pc_q=48000
m3-h-d3-zipf-c128-o64-d3c128zipf,2026-09-02,borrowed-2026-09,vllm-0.28.0,nytopop/Qwen3-8B.w8a8,w8a8-int8,1,1,8192,128,on,0,128,1500,64,543.41,13279.56,3234.76,13775.42,54.522,1086.708,0.999,task1 zipf(1.0) cell popularity; ds=custom;n=768;dur=90.5s;completed=768;req_s=8.491;mean_in_tok=1500;pc_hit=58.62%;pc_q=1152000;depth=3;cells=128;zipf=1.0
m3-h-d3-c1c8-c128-o64-d3c8,2026-09-02,borrowed-2026-09,vllm-0.28.0,nytopop/Qwen3-8B.w8a8,w8a8-int8,1,1,8192,128,on,0,128,1500,64,600.62,14677.6,3208.82,8785.25,56.823,1102.724,0.987,task1 hierarchical prefix; ds=custom;n=400;dur=42.6s;completed=400;req_s=9.385;mean_in_tok=1500;pc_hit=64.55%;pc_q=600000;depth=3;cells=8
m3-8b-ngram3-c128-o64-ngram3,2026-09-02,borrowed-2026-09,vllm-0.28.0,nytopop/Qwen3-8B.w8a8,w8a8-int8,1,1,8192,128,on,0,128,1500,64,405.99,9921.4,3417.64,16746.64,221.723,1050.313,0.999,task3 ngram spec k=3 lookup 2-4; ds=custom;n=512;dur=80.7s;completed=512;req_s=6.344;mean_in_tok=1500;pc_hit=58.04%;pc_q=768000
m3-h-d1-c128-o128-d1c0,2026-09-02,borrowed-2026-09,vllm-0.28.0,nytopop/Qwen3-8B.w8a8,w8a8-int8,1,1,8192,128,on,0,128,1500,128,633.02,8051.2,7948.52,21733.82,46.649,1078.019,0.999,task1 hierarchical prefix;global clause only; ds=custom;n=200;dur=40.4s;completed=200;req_s=4.945;mean_in_tok=1500;pc_hit=40.53%;pc_q=300000;depth=1;cells=0
m3-h-d3-c1c8-c32-o128-d3c8,2026-09-02,borrowed-2026-09,vllm-0.28.0,nytopop/Qwen3-8B.w8a8,w8a8-int8,1,1,8192,128,on,0,32,1500,128,745.38,9480.33,1245.97,2144.16,24.333,141.783,0.334,task1 hierarchical prefix; ds=custom;n=200;dur=34.3s;completed=200;req_s=5.823;mean_in_tok=1500;pc_hit=64.43%;pc_q=300000;depth=3;cells=8
m3-8b-ngram3-c32-o128-ngram3,2026-09-02,borrowed-2026-09,vllm-0.28.0,nytopop/Qwen3-8B.w8a8,w8a8-int8,1,1,8192,128,on,0,32,1500,128,503.02,6397.84,239.12,2637.53,56.241,225.155,0.334,task3 ngram spec k=3 lookup 2-4; ds=custom;n=256;dur=65.1s;completed=256;req_s=3.930;mean_in_tok=1500;pc_hit=57.28%;pc_q=384000
m3-h-d3-c1c8-c128-o128-d3c8,2026-09-02,borrowed-2026-09,vllm-0.28.0,nytopop/Qwen3-8B.w8a8,w8a8-int8,1,1,8192,128,on,0,128,1500,128,907.07,11536.76,3611.12,9190.8,54.598,1088.666,0.97,task1 hierarchical prefix; ds=custom;n=200;dur=28.2s;completed=200;req_s=7.086;mean_in_tok=1500;pc_hit=63.94%;pc_q=300000;depth=3;cells=8
m3-h-d3-c32c128-c32-o64-d3c128,2026-09-02,borrowed-2026-09,vllm-0.28.0,nytopop/Qwen3-8B.w8a8,w8a8-int8,1,1,8192,128,on,0,32,1500,64,479.74,11723.56,1907.59,2732.66,24.586,874.114,0.32,task1 hierarchical prefix; ds=custom;n=768;dur=102.5s;completed=768;req_s=7.496;mean_in_tok=1500;pc_hit=55.33%;pc_q=1152000;depth=3;cells=128
m3-h-d3-zipf-c32-o128-d3c128zipf,2026-09-02,borrowed-2026-09,vllm-0.28.0,nytopop/Qwen3-8B.w8a8,w8a8-int8,1,1,8192,128,on,0,32,1500,128,734.12,9337.08,1457.86,2383.66,24.475,209.431,0.329,task1 zipf(1.0) cell popularity; ds=custom;n=512;dur=89.3s;completed=512;req_s=5.735;mean_in_tok=1500;pc_hit=58.26%;pc_q=768000;depth=3;cells=128;zipf=1.0
m3-14b-int8-t2-c16-o512-t2,2026-09-02,borrowed-2026-09,vllm-0.28.0,nytopop/Qwen3-14B.w8a8,w8a8-int8,1,1,8192,64,on,0,16,1500,512,316.81,1244.95,3625.33,5434.44,32.837,50.156,0.991,task4 T2 shape on 14B INT8 single GPU (comparison); ds=random;n=64;dur=103.4s;completed=64;req_s=0.619;mean_in_tok=1500;pc_hit=0.0%;pc_q=96000
m3-8b-ngram3-c128-o128-ngram3,2026-09-02,borrowed-2026-09,vllm-0.28.0,nytopop/Qwen3-8B.w8a8,w8a8-int8,1,1,8192,128,on,0,128,1500,128,545.71,6940.73,5542.36,23841.13,151.88,1052.637,0.995,task3 ngram spec k=3 lookup 2-4; ds=custom;n=256;dur=60.0s;completed=256;req_s=4.263;mean_in_tok=1500;pc_hit=57.7%;pc_q=384000
m3-h-d3-c512-c128-o64-d3c512,2026-09-02,borrowed-2026-09,vllm-0.28.0,nytopop/Qwen3-8B.w8a8,w8a8-int8,1,1,8192,128,on,0,128,1500,64,478.83,11701.41,4525.87,10525.16,55.696,1154.77,1.0,task1 hierarchical prefix; ds=custom;n=1536;dur=205.3s;completed=1536;req_s=7.482;mean_in_tok=1500;pc_hit=54.53%;pc_q=2304000;depth=3;cells=512
m3-h-d3-zipf-c128-o128-d3c128zipf,2026-09-02,borrowed-2026-09,vllm-0.28.0,nytopop/Qwen3-8B.w8a8,w8a8-int8,1,1,8192,128,on,0,128,1500,128,799.64,10170.37,4250.82,18512.98,53.498,1073.95,0.997,task1 zipf(1.0) cell popularity; ds=custom;n=512;dur=82.0s;completed=512;req_s=6.247;mean_in_tok=1500;pc_hit=58.19%;pc_q=768000;depth=3;cells=128;zipf=1.0
m3-h-d3-c32c128-c128-o64-d3c128,2026-09-02,borrowed-2026-09,vllm-0.28.0,nytopop/Qwen3-8B.w8a8,w8a8-int8,1,1,8192,128,on,0,128,1500,64,500.75,12237.15,4404.89,14748.41,54.812,1119.815,0.997,task1 hierarchical prefix; ds=custom;n=768;dur=98.2s;completed=768;req_s=7.824;mean_in_tok=1500;pc_hit=55.36%;pc_q=1152000;depth=3;cells=128
m3-h-d3-c32-NOCACHE-c32-o64-d3c32,2026-09-02,borrowed-2026-09,vllm-0.28.0,nytopop/Qwen3-8B.w8a8,w8a8-int8,1,1,8192,128,off,0,32,1500,64,273.71,6688.76,2597.17,4990.3,26.822,934.322,0.583,"task1 control;same corpus, prefix caching OFF; ds=custom;n=512;dur=119.7s;completed=512;req_s=4.277;mean_in_tok=1500;pc_hit=%;pc_q=;depth=3;cells=32"
m3-h-d3-c32c128-c32-o128-d3c128,2026-09-02,borrowed-2026-09,vllm-0.28.0,nytopop/Qwen3-8B.w8a8,w8a8-int8,1,1,8192,128,on,0,32,1500,128,690.08,8776.98,1339.58,2447.37,24.791,306.196,0.329,task1 hierarchical prefix; ds=custom;n=512;dur=95.0s;completed=512;req_s=5.391;mean_in_tok=1500;pc_hit=55.27%;pc_q=768000;depth=3;cells=128
m3-8b-ngram5-c32-o64-ngram5,2026-09-02,borrowed-2026-09,vllm-0.28.0,nytopop/Qwen3-8B.w8a8,w8a8-int8,1,1,8192,128,on,0,32,1500,64,376.07,9190.21,258.74,1651.52,54.935,284.264,0.33,task3 ngram spec k=5 lookup 3-6; ds=custom;n=512;dur=87.1s;completed=512;req_s=5.876;mean_in_tok=1500;pc_hit=58.87%;pc_q=768000
m3-h-d3-c32-NOCACHE-c128-o64-d3c32,2026-09-02,borrowed-2026-09,vllm-0.28.0,nytopop/Qwen3-8B.w8a8,w8a8-int8,1,1,8192,128,off,0,128,1500,64,266.56,6514.0,18907.18,28993.12,38.7,1041.01,0.997,"task1 control;same corpus, prefix caching OFF; ds=custom;n=512;dur=122.9s;completed=512;req_s=4.165;mean_in_tok=1500;pc_hit=%;pc_q=;depth=3;cells=32"
m3-h-d3-c512-c32-o128-d3c512,2026-09-02,borrowed-2026-09,vllm-0.28.0,nytopop/Qwen3-8B.w8a8,w8a8-int8,1,1,8192,128,on,0,32,1500,128,682.06,8674.89,1886.69,2829.04,24.989,199.617,0.326,task1 hierarchical prefix; ds=custom;n=1024;dur=192.2s;completed=1024;req_s=5.329;mean_in_tok=1500;pc_hit=54.42%;pc_q=1536000;depth=3;cells=512
m3-h-d3-zipf-c32-o64-d3c512zipf,2026-09-02,borrowed-2026-09,vllm-0.28.0,nytopop/Qwen3-8B.w8a8,w8a8-int8,1,1,8192,128,on,0,32,1500,64,504.08,12318.5,1629.16,2560.32,24.301,763.805,0.322,task1 zipf(1.0) cell popularity; ds=custom;n=1536;dur=195.0s;completed=1536;req_s=7.876;mean_in_tok=1500;pc_hit=57.24%;pc_q=2304000;depth=3;cells=512;zipf=1.0
m3-h-d3-c32c128-c128-o128-d3c128,2026-09-02,borrowed-2026-09,vllm-0.28.0,nytopop/Qwen3-8B.w8a8,w8a8-int8,1,1,8192,128,on,0,128,1500,128,751.9,9563.17,5249.42,20061.03,53.84,1111.36,1.0,task1 hierarchical prefix; ds=custom;n=512;dur=87.2s;completed=512;req_s=5.874;mean_in_tok=1500;pc_hit=55.25%;pc_q=768000;depth=3;cells=128
m3-8b-ngram5-c128-o64-ngram5,2026-09-02,borrowed-2026-09,vllm-0.28.0,nytopop/Qwen3-8B.w8a8,w8a8-int8,1,1,8192,128,on,0,128,1500,64,398.12,9729.09,3567.17,17472.89,224.602,1086.359,1.0,task3 ngram spec k=5 lookup 3-6; ds=custom;n=512;dur=82.3s;completed=512;req_s=6.221;mean_in_tok=1500;pc_hit=57.98%;pc_q=768000
m3-h-d3-c32-NOCACHE-c32-o128-d3c32,2026-09-02,borrowed-2026-09,vllm-0.28.0,nytopop/Qwen3-8B.w8a8,w8a8-int8,1,1,8192,128,off,0,32,1500,128,440.88,5607.39,2440.0,5829.84,27.066,933.058,0.593,"task1 control;same corpus, prefix caching OFF; ds=custom;n=256;dur=74.3s;completed=256;req_s=3.444;mean_in_tok=1500;pc_hit=%;pc_q=;depth=3;cells=32"
m3-8b-ngram5-c32-o128-ngram5,2026-09-02,borrowed-2026-09,vllm-0.28.0,nytopop/Qwen3-8B.w8a8,w8a8-int8,1,1,8192,128,on,0,32,1500,128,490.7,6241.13,247.41,2723.49,55.237,227.423,0.355,task3 ngram spec k=5 lookup 3-6; ds=custom;n=256;dur=66.8s;completed=256;req_s=3.834;mean_in_tok=1500;pc_hit=57.38%;pc_q=384000
m3-h-d3-c32-NOCACHE-c128-o128-d3c32,2026-09-02,borrowed-2026-09,vllm-0.28.0,nytopop/Qwen3-8B.w8a8,w8a8-int8,1,1,8192,128,off,0,128,1500,128,437.48,5564.22,22178.67,35016.61,38.748,1029.94,0.992,"task1 control;same corpus, prefix caching OFF; ds=custom;n=256;dur=74.9s;completed=256;req_s=3.418;mean_in_tok=1500;pc_hit=%;pc_q=;depth=3;cells=32"
m3-8b-ngram5-c128-o128-ngram5,2026-09-02,borrowed-2026-09,vllm-0.28.0,nytopop/Qwen3-8B.w8a8,w8a8-int8,1,1,8192,128,on,0,128,1500,128,525.14,6679.11,5524.14,25185.01,150.108,1054.224,0.999,task3 ngram spec k=5 lookup 3-6; ds=custom;n=256;dur=62.4s;completed=256;req_s=4.103;mean_in_tok=1500;pc_hit=57.82%;pc_q=384000
m3-h-d3-c512-c128-o128-d3c512,2026-09-02,borrowed-2026-09,vllm-0.28.0,nytopop/Qwen3-8B.w8a8,w8a8-int8,1,1,8192,128,on,0,128,1500,128,724.82,9218.83,5535.84,19627.42,54.612,1133.31,1.0,task1 hierarchical prefix; ds=custom;n=1024;dur=180.8s;completed=1024;req_s=5.663;mean_in_tok=1500;pc_hit=54.39%;pc_q=1536000;depth=3;cells=512
m3-h-d3-zipf-c128-o64-d3c512zipf,2026-09-02,borrowed-2026-09,vllm-0.28.0,nytopop/Qwen3-8B.w8a8,w8a8-int8,1,1,8192,128,on,0,128,1500,64,529.49,12939.51,3775.87,9599.22,54.433,1085.695,0.999,task1 zipf(1.0) cell popularity; ds=custom;n=1536;dur=185.7s;completed=1536;req_s=8.273;mean_in_tok=1500;pc_hit=57.29%;pc_q=2304000;depth=3;cells=512;zipf=1.0
m3-h-d2-c32-o64-d2c0,2026-09-02,borrowed-2026-09,vllm-0.28.0,nytopop/Qwen3-8B.w8a8,w8a8-int8,1,1,8192,128,on,0,32,1500,64,472.92,11557.01,1696.88,2669.25,24.442,728.194,0.323,task1 hierarchical prefix;global+type only; ds=custom;n=400;dur=54.1s;completed=400;req_s=7.389;mean_in_tok=1500;pc_hit=55.04%;pc_q=600000;depth=2;cells=0
m3-h-d2-c128-o64-d2c0,2026-09-02,borrowed-2026-09,vllm-0.28.0,nytopop/Qwen3-8B.w8a8,w8a8-int8,1,1,8192,128,on,0,128,1500,64,483.68,11819.94,4458.78,15948.95,54.353,1136.653,0.992,task1 hierarchical prefix;global+type only; ds=custom;n=400;dur=52.9s;completed=400;req_s=7.558;mean_in_tok=1500;pc_hit=53.33%;pc_q=600000;depth=2;cells=0
m3-h-d3-zipf-c32-o128-d3c512zipf,2026-09-02,borrowed-2026-09,vllm-0.28.0,nytopop/Qwen3-8B.w8a8,w8a8-int8,1,1,8192,128,on,0,32,1500,128,725.0,9221.14,1744.1,2614.7,24.517,221.607,0.349,task1 zipf(1.0) cell popularity; ds=custom;n=1024;dur=180.8s;completed=1024;req_s=5.664;mean_in_tok=1500;pc_hit=56.96%;pc_q=1536000;depth=3;cells=512;zipf=1.0
m3-h-d3-c32-REP-c32-o64-d3c32rep,2026-09-02,borrowed-2026-09,vllm-0.28.0,nytopop/Qwen3-8B.w8a8,w8a8-int8,1,1,8192,128,on,0,32,1500,64,513.86,12557.47,1492.79,2410.22,24.214,698.289,0.314,task1 REPLICATE of plan b d3c32 on another GPU; ds=custom;n=512;dur=63.8s;completed=512;req_s=8.029;mean_in_tok=1500;pc_hit=59.18%;pc_q=768000;depth=3;cells=32;replicate
m3-h-d3-c32-concsweep-c8-o64-d3c32sw,2026-09-02,borrowed-2026-09,vllm-0.28.0,nytopop/Qwen3-8B.w8a8,w8a8-int8,1,1,8192,128,on,0,8,1500,64,295.45,7219.95,526.68,696.84,17.502,150.665,0.096,task1b concurrency sweep at d3/cells=32; ds=custom;n=512;dur=110.9s;completed=512;req_s=4.616;mean_in_tok=1500;pc_hit=58.99%;pc_q=768000;depth=3;cells=32
m3-h-d2-c32-o128-d2c0,2026-09-02,borrowed-2026-09,vllm-0.28.0,nytopop/Qwen3-8B.w8a8,w8a8-int8,1,1,8192,128,on,0,32,1500,128,650.93,8279.06,1443.43,2921.33,24.885,401.494,0.345,task1 hierarchical prefix;global+type only; ds=custom;n=200;dur=39.3s;completed=200;req_s=5.085;mean_in_tok=1500;pc_hit=53.33%;pc_q=300000;depth=2;cells=0
m3-h-d3-c32-REP-c128-o64-d3c32rep,2026-09-02,borrowed-2026-09,vllm-0.28.0,nytopop/Qwen3-8B.w8a8,w8a8-int8,1,1,8192,128,on,0,128,1500,64,530.39,12961.53,3460.53,14260.25,54.849,1106.215,0.998,task1 REPLICATE of plan b d3c32 on another GPU; ds=custom;n=512;dur=61.8s;completed=512;req_s=8.287;mean_in_tok=1500;pc_hit=58.49%;pc_q=768000;depth=3;cells=32;replicate
m3-h-d2-c128-o128-d2c0,2026-09-02,borrowed-2026-09,vllm-0.28.0,nytopop/Qwen3-8B.w8a8,w8a8-int8,1,1,8192,128,on,0,128,1500,128,764.84,9727.8,5520.37,20833.93,53.273,1115.95,0.999,task1 hierarchical prefix;global+type only; ds=custom;n=200;dur=33.5s;completed=200;req_s=5.975;mean_in_tok=1500;pc_hit=53.33%;pc_q=300000;depth=2;cells=0
m3-8b-int8-t2-c4-o512-t2,2026-09-02,borrowed-2026-09,vllm-0.28.0,nytopop/Qwen3-8B.w8a8,w8a8-int8,1,1,8192,64,on,0,4,1500,512,222.6,874.74,154.65,746.5,17.214,17.846,0.097,task4 T2 shape on 8B INT8 (ladder vs 14B/32B); ds=random;n=32;dur=73.6s;completed=32;req_s=0.435;mean_in_tok=1500;pc_hit=49.6%;pc_q=48000
m3-h-d3-c32-concsweep-c16-o64-d3c32sw,2026-09-02,borrowed-2026-09,vllm-0.28.0,nytopop/Qwen3-8B.w8a8,w8a8-int8,1,1,8192,128,on,0,16,1500,64,409.67,10011.29,952.05,1321.39,19.61,321.238,0.167,task1b concurrency sweep at d3/cells=32; ds=custom;n=512;dur=80.0s;completed=512;req_s=6.401;mean_in_tok=1500;pc_hit=58.02%;pc_q=768000;depth=3;cells=32
m3-h-d3-c32-REP-c32-o128-d3c32rep,2026-09-02,borrowed-2026-09,vllm-0.28.0,nytopop/Qwen3-8B.w8a8,w8a8-int8,1,1,8192,128,on,0,32,1500,128,721.34,9174.53,1407.14,2475.46,24.621,238.203,0.334,task1 REPLICATE of plan b d3c32 on another GPU; ds=custom;n=256;dur=45.4s;completed=256;req_s=5.635;mean_in_tok=1500;pc_hit=58.02%;pc_q=384000;depth=3;cells=32;replicate
m3-8b-int8-t2-c16-o512-t2,2026-09-02,borrowed-2026-09,vllm-0.28.0,nytopop/Qwen3-8B.w8a8,w8a8-int8,1,1,8192,64,on,0,16,1500,512,655.53,2576.05,236.28,2533.13,21.44,23.935,0.378,task4 T2 shape on 8B INT8 (ladder vs 14B/32B); ds=random;n=64;dur=50.0s;completed=64;req_s=1.280;mean_in_tok=1500;pc_hit=49.57%;pc_q=96000
m3-h-d3-zipf-c128-o128-d3c512zipf,2026-09-02,borrowed-2026-09,vllm-0.28.0,nytopop/Qwen3-8B.w8a8,w8a8-int8,1,1,8192,128,on,0,128,1500,128,779.96,9920.11,4264.47,14683.69,53.67,1077.677,1.0,task1 zipf(1.0) cell popularity; ds=custom;n=1024;dur=168.0s;completed=1024;req_s=6.093;mean_in_tok=1500;pc_hit=56.97%;pc_q=1536000;depth=3;cells=512;zipf=1.0
m3-h-d3-c32-REP-c128-o128-d3c32rep,2026-09-02,borrowed-2026-09,vllm-0.28.0,nytopop/Qwen3-8B.w8a8,w8a8-int8,1,1,8192,128,on,0,128,1500,128,761.41,9684.24,4355.62,19043.11,54.251,1091.458,0.999,task1 REPLICATE of plan b d3c32 on another GPU; ds=custom;n=256;dur=43.0s;completed=256;req_s=5.949;mean_in_tok=1500;pc_hit=58.06%;pc_q=384000;depth=3;cells=32;replicate
m3-h-d3-c32-concsweep-c64-o64-d3c32sw,2026-09-02,borrowed-2026-09,vllm-0.28.0,nytopop/Qwen3-8B.w8a8,w8a8-int8,1,1,8192,128,on,0,64,1500,64,555.73,13580.7,2033.88,5208.11,35.973,1025.133,0.574,task1b concurrency sweep at d3/cells=32; ds=custom;n=512;dur=59.0s;completed=512;req_s=8.683;mean_in_tok=1500;pc_hit=58.08%;pc_q=768000;depth=3;cells=32
m3-8b-int8-t2-c16-o512-t2pfx,2026-09-02,borrowed-2026-09,vllm-0.28.0,nytopop/Qwen3-8B.w8a8,w8a8-int8,1,1,8192,64,on,0,16,1500,512,691.88,2718.88,1231.69,1639.37,20.343,21.806,0.252,task4 T2 shape on 8B INT8 (ladder vs 14B/32B); ds=custom;n=64;dur=47.4s;completed=64;req_s=1.351;mean_in_tok=1500;pc_hit=52.03%;pc_q=96000;hierarchical d3c32 corpus
m3-h-d3-c32-concsweep-c256-o64-d3c32sw,2026-09-02,borrowed-2026-09,vllm-0.28.0,nytopop/Qwen3-8B.w8a8,w8a8-int8,1,1,8192,128,on,0,256,1500,64,529.43,12938.02,18370.92,30332.4,54.737,1094.824,0.997,task1b concurrency sweep at d3/cells=32; ds=custom;n=512;dur=61.9s;completed=512;req_s=8.272;mean_in_tok=1500;pc_hit=58.21%;pc_q=768000;depth=3;cells=32
m3-h-d3-c32-concsweep-c8-o128-d3c32sw,2026-09-02,borrowed-2026-09,vllm-0.28.0,nytopop/Qwen3-8B.w8a8,w8a8-int8,1,1,8192,128,on,0,8,1500,128,354.42,4507.73,636.1,705.96,17.638,19.398,0.104,task1b concurrency sweep at d3/cells=32; ds=custom;n=256;dur=92.5s;completed=256;req_s=2.769;mean_in_tok=1500;pc_hit=57.64%;pc_q=384000;depth=3;cells=32
m3-h-d3-c32-concsweep-c16-o128-d3c32sw,2026-09-02,borrowed-2026-09,vllm-0.28.0,nytopop/Qwen3-8B.w8a8,w8a8-int8,1,1,8192,128,on,0,16,1500,128,542.81,6903.84,1077.05,1309.57,19.718,82.846,0.19,task1b concurrency sweep at d3/cells=32; ds=custom;n=256;dur=60.4s;completed=256;req_s=4.241;mean_in_tok=1500;pc_hit=57.83%;pc_q=384000;depth=3;cells=32
m3-h-d3-c32-concsweep-c64-o128-d3c32sw,2026-09-02,borrowed-2026-09,vllm-0.28.0,nytopop/Qwen3-8B.w8a8,w8a8-int8,1,1,8192,128,on,0,64,1500,128,845.94,10759.36,2566.22,5093.26,36.271,995.786,0.593,task1b concurrency sweep at d3/cells=32; ds=custom;n=256;dur=38.7s;completed=256;req_s=6.609;mean_in_tok=1500;pc_hit=58.0%;pc_q=384000;depth=3;cells=32
m3-h-d3-c32-concsweep-c256-o128-d3c32sw,2026-09-02,borrowed-2026-09,vllm-0.28.0,nytopop/Qwen3-8B.w8a8,w8a8-int8,1,1,8192,128,on,0,256,1500,128,773.6,9839.28,19755.64,38462.47,53.71,1073.0,0.991,task1b concurrency sweep at d3/cells=32; ds=custom;n=256;dur=42.4s;completed=256;req_s=6.044;mean_in_tok=1500;pc_hit=57.92%;pc_q=384000;depth=3;cells=32
m3-dp7-free-c32-o64-d3c32,2026-09-02,borrowed-2026-09,vllm-0.28.0,nytopop/Qwen3-8B.w8a8,w8a8-int8,1,7,8192,128,on,0,224,1500,64,3618.18,88419.22,1541.25,2524.96,24.204,867.529,,"DP7 simultaneous;numa=0;replicas_ok=7/7;conc_per_gpu=32;n_per_gpu=512;wall=76.5s;req_s_total=56.534;per_gpu_out_tok_s=[520.2, 514.6, 509.8, 514.8, 517.0, 515.8, 525.9];spread=3.1%;pc_hit=59.02%;hierarchical d3 cells=32"
m3-dp7-free-c128-o64-d3c32,2026-09-02,borrowed-2026-09,vllm-0.28.0,nytopop/Qwen3-8B.w8a8,w8a8-int8,1,7,8192,128,on,0,896,1500,64,3706.21,90570.43,3580.55,14416.26,54.613,1135.79,,"DP7 simultaneous;numa=0;replicas_ok=7/7;conc_per_gpu=128;n_per_gpu=512;wall=75.4s;req_s_total=57.909;per_gpu_out_tok_s=[537.1, 528.6, 515.4, 525.9, 538.2, 525.3, 535.8];spread=4.3%;pc_hit=58.09%;hierarchical d3 cells=32"
m3-dp7-free-c32-o128-d3c32,2026-09-02,borrowed-2026-09,vllm-0.28.0,nytopop/Qwen3-8B.w8a8,w8a8-int8,1,7,8192,128,on,0,224,1500,128,5063.34,64399.32,1772.37,2723.93,24.593,363.908,,"DP7 simultaneous;numa=0;replicas_ok=7/7;conc_per_gpu=32;n_per_gpu=256;wall=57.7s;req_s_total=39.557;per_gpu_out_tok_s=[726.8, 721.3, 710.0, 723.2, 732.4, 721.4, 728.2];spread=3.1%;pc_hit=57.68%;hierarchical d3 cells=32"
m3-dp7-free-c128-o128-d3c32,2026-09-02,borrowed-2026-09,vllm-0.28.0,nytopop/Qwen3-8B.w8a8,w8a8-int8,1,7,8192,128,on,0,896,1500,128,5336.45,67872.97,4493.02,19677.75,53.974,1123.425,,"DP7 simultaneous;numa=0;replicas_ok=7/7;conc_per_gpu=128;n_per_gpu=256;wall=55.9s;req_s_total=41.691;per_gpu_out_tok_s=[770.0, 759.4, 743.7, 760.9, 772.2, 758.1, 772.2];spread=3.7%;pc_hit=57.96%;hierarchical d3 cells=32"
m3-dp7-numa-c32-o64-d3c32,2026-09-02,borrowed-2026-09,vllm-0.28.0,nytopop/Qwen3-8B.w8a8,w8a8-int8,1,7,8192,128,on,0,224,1500,64,3606.74,88139.81,1501.15,2600.58,24.209,817.573,,"DP7 simultaneous;numa=1;replicas_ok=7/7;conc_per_gpu=32;n_per_gpu=512;wall=77.8s;req_s_total=56.355;per_gpu_out_tok_s=[520.6, 515.1, 506.0, 516.0, 515.5, 512.0, 521.5];spread=3.0%;pc_hit=59.0%;hierarchical d3 cells=32"
m3-dp7-numa-c128-o64-d3c32,2026-09-02,borrowed-2026-09,vllm-0.28.0,nytopop/Qwen3-8B.w8a8,w8a8-int8,1,7,8192,128,on,0,896,1500,64,3708.13,90617.45,3573.39,14956.72,54.617,1126.291,,"DP7 simultaneous;numa=1;replicas_ok=7/7;conc_per_gpu=128;n_per_gpu=512;wall=76.5s;req_s_total=57.940;per_gpu_out_tok_s=[534.0, 531.0, 517.3, 526.8, 535.3, 525.9, 537.9];spread=3.9%;pc_hit=58.12%;hierarchical d3 cells=32"
m3-dp7-numa-c32-o128-d3c32,2026-09-02,borrowed-2026-09,vllm-0.28.0,nytopop/Qwen3-8B.w8a8,w8a8-int8,1,7,8192,128,on,0,224,1500,128,5048.48,64210.37,1580.48,2693.66,24.591,432.872,,"DP7 simultaneous;numa=1;replicas_ok=7/7;conc_per_gpu=32;n_per_gpu=256;wall=59.4s;req_s_total=39.441;per_gpu_out_tok_s=[725.8, 717.2, 705.0, 720.3, 732.7, 718.0, 729.5];spread=3.8%;pc_hit=57.68%;hierarchical d3 cells=32"
m3-dp7-numa-c128-o128-d3c32,2026-09-02,borrowed-2026-09,vllm-0.28.0,nytopop/Qwen3-8B.w8a8,w8a8-int8,1,7,8192,128,on,0,896,1500,128,5342.36,67948.08,4483.98,19514.07,54.004,1120.651,,"DP7 simultaneous;numa=1;replicas_ok=7/7;conc_per_gpu=128;n_per_gpu=256;wall=56.8s;req_s_total=41.737;per_gpu_out_tok_s=[764.9, 761.8, 745.8, 758.9, 776.3, 759.3, 775.3];spread=4.0%;pc_hit=57.95%;hierarchical d3 cells=32"
m3-8b-int8-olen-h-c32-o32-olen,2026-09-02,borrowed-2026-09,vllm-0.28.0,nytopop/Qwen3-8B.w8a8,w8a8-int8,1,1,8192,128,on,0,32,1500,32,317.96,15222.48,1671.15,2487.43,24.237,859.481,0.308,extra: output-length sensitivity at d3/cells=32; ds=custom;n=768;dur=77.3s;completed=768;req_s=9.936;mean_in_tok=1500;pc_hit=59.0%;pc_q=1152000;depth=3;cells=32
m3-14b-int8-h-d3c32-c32-o64-14bd3c32,2026-09-02,borrowed-2026-09,vllm-0.28.0,nytopop/Qwen3-14B.w8a8,w8a8-int8,1,1,8192,128,on,0,32,1500,64,297.22,7263.21,2401.53,4588.4,36.799,1041.348,0.885,extra: 14B INT8 on hierarchical corpus (KV rescue test); ds=custom;n=512;dur=110.2s;completed=512;req_s=4.644;mean_in_tok=1500;pc_hit=56.19%;pc_q=768000;depth=3;cells=32
m3-8b-int8-mnbt16384-h-c32-o64-mnbt16k,2026-09-02,borrowed-2026-09,vllm-0.28.0,nytopop/Qwen3-8B.w8a8,w8a8-int8,1,1,16384,128,on,0,32,1500,64,520.1,12709.86,2159.15,2495.86,24.153,197.47,0.336,extra: mnbt=16384 at d3/cells=32 (retune after caching); ds=custom;n=512;dur=63.0s;completed=512;req_s=8.127;mean_in_tok=1500;pc_hit=58.86%;pc_q=768000;depth=3;cells=32
m3-8b-int8-olen-h-c128-o32-olen,2026-09-02,borrowed-2026-09,vllm-0.28.0,nytopop/Qwen3-8B.w8a8,w8a8-int8,1,1,8192,128,on,0,128,1500,32,317.35,15192.97,3248.74,12562.22,55.717,1115.907,0.996,extra: output-length sensitivity at d3/cells=32; ds=custom;n=768;dur=77.4s;completed=768;req_s=9.917;mean_in_tok=1500;pc_hit=58.46%;pc_q=1152000;depth=3;cells=32
m3-8b-int8-mnbt16384-h-c128-o64-mnbt16k,2026-09-02,borrowed-2026-09,vllm-0.28.0,nytopop/Qwen3-8B.w8a8,w8a8-int8,1,1,16384,128,on,0,128,1500,64,540.35,13204.91,5400.87,14816.76,51.687,2045.031,0.993,extra: mnbt=16384 at d3/cells=32 (retune after caching); ds=custom;n=512;dur=60.6s;completed=512;req_s=8.443;mean_in_tok=1500;pc_hit=57.83%;pc_q=768000;depth=3;cells=32
m3-8b-int8-olen-h-c32-o256-olen,2026-09-02,borrowed-2026-09,vllm-0.28.0,nytopop/Qwen3-8B.w8a8,w8a8-int8,1,1,8192,128,on,0,32,1500,256,914.96,6276.05,1792.74,2557.54,25.018,31.272,0.394,extra: output-length sensitivity at d3/cells=32; ds=custom;n=160;dur=44.8s;completed=160;req_s=3.574;mean_in_tok=1500;pc_hit=57.61%;pc_q=240000;depth=3;cells=32
m3-32b-awq-tp4-c4-o512-t2,2026-09-02,borrowed-2026-09,vllm-0.28.0,Qwen/Qwen3-32B-AWQ,awq-w4a16,4,1,8192,64,on,0,4,1500,512,139.18,546.93,890.35,6101.02,23.177,23.879,0.03,task4 T2 candidate;TP4 on NUMA0 GPUs; ds=random;n=32;dur=117.7s;completed=32;req_s=0.272;mean_in_tok=1500;pc_hit=49.6%;pc_q=48000
m3-14b-int8-h-d3c32-c128-o64-14bd3c32,2026-09-02,borrowed-2026-09,vllm-0.28.0,nytopop/Qwen3-14B.w8a8,w8a8-int8,1,1,8192,128,on,0,128,1500,64,275.78,6739.26,22335.43,29111.28,44.249,1761.396,0.997,extra: 14B INT8 on hierarchical corpus (KV rescue test); ds=custom;n=512;dur=118.8s;completed=512;req_s=4.309;mean_in_tok=1500;pc_hit=54.79%;pc_q=768000;depth=3;cells=32
m3-8b-int8-mnbt16384-h-c32-o128-mnbt16k,2026-09-02,borrowed-2026-09,vllm-0.28.0,nytopop/Qwen3-8B.w8a8,w8a8-int8,1,1,16384,128,on,0,32,1500,128,727.95,9258.61,2457.81,2652.66,24.522,32.312,0.348,extra: mnbt=16384 at d3/cells=32 (retune after caching); ds=custom;n=256;dur=45.0s;completed=256;req_s=5.687;mean_in_tok=1500;pc_hit=57.48%;pc_q=384000;depth=3;cells=32
m3-8b-int8-olen-h-c128-o256-olen,2026-09-02,borrowed-2026-09,vllm-0.28.0,nytopop/Qwen3-8B.w8a8,w8a8-int8,1,1,8192,128,on,0,128,1500,256,1039.54,7130.6,5689.64,27864.56,49.657,1083.897,0.998,extra: output-length sensitivity at d3/cells=32; ds=custom;n=160;dur=39.4s;completed=160;req_s=4.061;mean_in_tok=1500;pc_hit=57.59%;pc_q=240000;depth=3;cells=32
m3-14b-int8-h-d3c32-c32-o128-14bd3c32,2026-09-02,borrowed-2026-09,vllm-0.28.0,nytopop/Qwen3-14B.w8a8,w8a8-int8,1,1,8192,128,on,0,32,1500,128,431.23,5484.7,2757.69,4850.41,37.168,750.241,0.962,extra: 14B INT8 on hierarchical corpus (KV rescue test); ds=custom;n=256;dur=76.0s;completed=256;req_s=3.369;mean_in_tok=1500;pc_hit=54.57%;pc_q=384000;depth=3;cells=32
m3-8b-int8-mnbt16384-h-c128-o128-mnbt16k,2026-09-02,borrowed-2026-09,vllm-0.28.0,nytopop/Qwen3-8B.w8a8,w8a8-int8,1,1,16384,128,on,0,128,1500,128,779.36,9912.53,6264.88,19543.92,50.984,2020.969,1.0,extra: mnbt=16384 at d3/cells=32 (retune after caching); ds=custom;n=256;dur=42.0s;completed=256;req_s=6.089;mean_in_tok=1500;pc_hit=57.71%;pc_q=384000;depth=3;cells=32
m3-32b-awq-tp4-c16-o512-t2,2026-09-02,borrowed-2026-09,vllm-0.28.0,Qwen/Qwen3-32B-AWQ,awq-w4a16,4,1,8192,64,on,0,16,1500,512,264.13,1037.93,1080.26,22232.53,36.493,39.447,0.122,task4 T2 candidate;TP4 on NUMA0 GPUs; ds=random;n=64;dur=124.1s;completed=64;req_s=0.516;mean_in_tok=1500;pc_hit=49.57%;pc_q=96000
m3-14b-int8-h-d3c32-c128-o128-14bd3c32,2026-09-02,borrowed-2026-09,vllm-0.28.0,nytopop/Qwen3-14B.w8a8,w8a8-int8,1,1,8192,128,on,0,128,1500,128,379.06,4821.17,28592.91,38660.14,44.346,1183.877,0.999,extra: 14B INT8 on hierarchical corpus (KV rescue test); ds=custom;n=256;dur=86.4s;completed=256;req_s=2.961;mean_in_tok=1500;pc_hit=54.68%;pc_q=384000;depth=3;cells=32
m3-32b-awq-tp4-c16-o512-t2pfx,2026-09-02,borrowed-2026-09,vllm-0.28.0,Qwen/Qwen3-32B-AWQ,awq-w4a16,4,1,8192,64,on,0,16,1500,512,275.06,1080.88,8040.29,13153.55,35.759,37.088,0.076,task4 T2 candidate;TP4 on NUMA0 GPUs; ds=custom;n=64;dur=119.1s;completed=64;req_s=0.537;mean_in_tok=1500;pc_hit=52.03%;pc_q=96000;hierarchical d3c32 corpus
BN1-c139-uni-c64-o64,2026-09-04,borrowed-2026-09,vllm-0.28.0,nytopop/Qwen3-8B.w8a8,w8a8-int8,1,1,8192,128,on,0,64,1500,64,543.04,13270.46,1965.47,4164.3,35.582,992.225,0.608,BN-1 realistic cell count; ds=custom;n=768;dur=90.5s;completed=768;req_s=8.485;mean_in_tok=1500;pc_hit=55.87%;pc_q=1152000;depth=3;cells=139;zipf=0.0;shared_tok=1000;indiv_tok=500
BN1-c139-z10-c64-o64,2026-09-04,borrowed-2026-09,vllm-0.28.0,nytopop/Qwen3-8B.w8a8,w8a8-int8,1,1,8192,128,on,0,64,1500,64,576.87,14097.38,2664.53,4385.08,35.579,1021.406,0.596,BN-1 realistic cell count; ds=custom;n=768;dur=85.2s;completed=768;req_s=9.014;mean_in_tok=1500;pc_hit=59.42%;pc_q=1152000;depth=3;cells=139;zipf=1.0;shared_tok=1000;indiv_tok=500
BN1-c139-z15-c64-o64,2026-09-04,borrowed-2026-09,vllm-0.28.0,nytopop/Qwen3-8B.w8a8,w8a8-int8,1,1,8192,128,on,0,64,1500,64,586.66,14336.46,2163.62,4104.92,35.737,910.074,0.558,BN-1 realistic cell count; ds=custom;n=768;dur=83.8s;completed=768;req_s=9.167;mean_in_tok=1500;pc_hit=62.81%;pc_q=1152000;depth=3;cells=139;zipf=1.5;shared_tok=1000;indiv_tok=500
BN1-c556-uni-c64-o128,2026-09-04,borrowed-2026-09,vllm-0.28.0,nytopop/Qwen3-8B.w8a8,w8a8-int8,1,1,8192,128,on,0,64,1500,128,819.82,10427.07,2845.23,4800.89,36.245,995.07,0.619,BN-1 realistic cell count; ds=custom;n=512;dur=79.9s;completed=512;req_s=6.405;mean_in_tok=1500;pc_hit=55.68%;pc_q=768000;depth=3;cells=556;zipf=0.0;shared_tok=1000;indiv_tok=500
BN2-s600i500-c64-o128,2026-09-04,borrowed-2026-09,vllm-0.28.0,nytopop/Qwen3-8B.w8a8,w8a8-int8,1,1,8192,128,on,0,64,1100,128,930.07,8922.86,2682.41,4513.85,33.085,953.502,0.625,BN-2 sharing cliff; ds=custom;n=512;dur=70.5s;completed=512;req_s=7.266;mean_in_tok=1100;pc_hit=44.73%;pc_q=563200;depth=3;cells=139;zipf=1.0;shared_tok=600;indiv_tok=500
BN2-s1200i500-c64-o128,2026-09-04,borrowed-2026-09,vllm-0.28.0,nytopop/Qwen3-8B.w8a8,w8a8-int8,1,1,8192,128,on,0,64,1700,128,838.99,11981.77,2763.8,4743.97,37.413,1020.606,0.388,BN-2 sharing cliff; ds=custom;n=512;dur=78.1s;completed=512;req_s=6.555;mean_in_tok=1700;pc_hit=64.11%;pc_q=870400;depth=3;cells=139;zipf=1.0;shared_tok=1200;indiv_tok=500
BN2-s1000i300-c64-o128,2026-09-04,borrowed-2026-09,vllm-0.28.0,nytopop/Qwen3-8B.w8a8,w8a8-int8,1,1,8192,128,on,0,64,1300,128,1106.12,12340.17,2054.17,3127.83,32.914,543.584,0.445,BN-2 sharing cliff; ds=custom;n=512;dur=59.2s;completed=512;req_s=8.642;mean_in_tok=1300;pc_hit=68.72%;pc_q=665600;depth=3;cells=139;zipf=1.0;shared_tok=1000;indiv_tok=300
BN1-c139-uni-c128-o64,2026-09-04,borrowed-2026-09,vllm-0.28.0,nytopop/Qwen3-8B.w8a8,w8a8-int8,1,1,8192,128,on,0,128,1500,64,510.12,12466.03,4279.42,14394.74,53.984,1093.815,0.997,BN-1 realistic cell count; ds=custom;n=768;dur=96.4s;completed=768;req_s=7.971;mean_in_tok=1500;pc_hit=55.04%;pc_q=1152000;depth=3;cells=139;zipf=0.0;shared_tok=1000;indiv_tok=500
BN1-c139-z10-c128-o64,2026-09-04,borrowed-2026-09,vllm-0.28.0,nytopop/Qwen3-8B.w8a8,w8a8-int8,1,1,8192,128,on,0,128,1500,64,529.15,12931.13,3302.06,10012.82,55.539,1113.025,0.997,BN-1 realistic cell count; ds=custom;n=768;dur=92.9s;completed=768;req_s=8.268;mean_in_tok=1500;pc_hit=58.68%;pc_q=1152000;depth=3;cells=139;zipf=1.0;shared_tok=1000;indiv_tok=500
BN1-c139-z15-c128-o64,2026-09-04,borrowed-2026-09,vllm-0.28.0,nytopop/Qwen3-8B.w8a8,w8a8-int8,1,1,8192,128,on,0,128,1500,64,550.71,13457.89,3362.57,9847.17,58.504,1151.242,1.0,BN-1 realistic cell count; ds=custom;n=768;dur=89.3s;completed=768;req_s=8.605;mean_in_tok=1500;pc_hit=62.38%;pc_q=1152000;depth=3;cells=139;zipf=1.5;shared_tok=1000;indiv_tok=500
BN1-c556-uni-c128-o128,2026-09-04,borrowed-2026-09,vllm-0.28.0,nytopop/Qwen3-8B.w8a8,w8a8-int8,1,1,8192,128,on,0,128,1500,128,753.95,9589.34,5372.17,19164.38,53.222,1097.298,0.998,BN-1 realistic cell count; ds=custom;n=512;dur=86.9s;completed=512;req_s=5.890;mean_in_tok=1500;pc_hit=54.44%;pc_q=768000;depth=3;cells=556;zipf=0.0;shared_tok=1000;indiv_tok=500
BN1-c139-uni-c64-o128,2026-09-04,borrowed-2026-09,vllm-0.28.0,nytopop/Qwen3-8B.w8a8,w8a8-int8,1,1,8192,128,on,0,64,1500,128,814.04,10353.63,2998.73,5317.75,36.598,1017.243,0.385,BN-1 realistic cell count; ds=custom;n=512;dur=80.5s;completed=512;req_s=6.360;mean_in_tok=1500;pc_hit=54.97%;pc_q=768000;depth=3;cells=139;zipf=0.0;shared_tok=1000;indiv_tok=500
BN1-c139-z10-c64-o128,2026-09-04,borrowed-2026-09,vllm-0.28.0,nytopop/Qwen3-8B.w8a8,w8a8-int8,1,1,8192,128,on,0,64,1500,128,837.89,10656.97,2931.09,5180.15,36.683,1019.384,0.521,BN-1 realistic cell count; ds=custom;n=512;dur=78.2s;completed=512;req_s=6.546;mean_in_tok=1500;pc_hit=58.38%;pc_q=768000;depth=3;cells=139;zipf=1.0;shared_tok=1000;indiv_tok=500
BN1-c139-z15-c64-o128,2026-09-04,borrowed-2026-09,vllm-0.28.0,nytopop/Qwen3-8B.w8a8,w8a8-int8,1,1,8192,128,on,0,64,1500,128,859.73,10934.63,2242.63,4820.93,36.86,1005.785,0.613,BN-1 realistic cell count; ds=custom;n=512;dur=76.2s;completed=512;req_s=6.717;mean_in_tok=1500;pc_hit=62.14%;pc_q=768000;depth=3;cells=139;zipf=1.5;shared_tok=1000;indiv_tok=500
BN2-s800i500-c64-o128,2026-09-04,borrowed-2026-09,vllm-0.28.0,nytopop/Qwen3-8B.w8a8,w8a8-int8,1,1,8192,128,on,0,64,1300,128,893.52,9968.34,1940.1,4089.18,34.454,973.703,0.637,BN-2 sharing cliff; ds=custom;n=512;dur=73.3s;completed=512;req_s=6.981;mean_in_tok=1300;pc_hit=53.15%;pc_q=665600;depth=3;cells=139;zipf=1.0;shared_tok=800;indiv_tok=500
BN2-s1400i500-c64-o128,2026-09-04,borrowed-2026-09,vllm-0.28.0,nytopop/Qwen3-8B.w8a8,w8a8-int8,1,1,8192,128,on,0,64,1900,128,813.72,12892.33,2830.88,4443.91,39.021,1050.101,0.588,BN-2 sharing cliff; ds=custom;n=512;dur=80.5s;completed=512;req_s=6.357;mean_in_tok=1900;pc_hit=67.94%;pc_q=972800;depth=3;cells=139;zipf=1.0;shared_tok=1400;indiv_tok=500
BN2-s1000i800-c64-o128,2026-09-04,borrowed-2026-09,vllm-0.28.0,nytopop/Qwen3-8B.w8a8,w8a8-int8,1,1,8192,128,on,0,64,1800,128,656.25,9884.84,3077.29,5960.92,40.06,1039.974,0.845,BN-2 sharing cliff; ds=custom;n=512;dur=99.9s;completed=512;req_s=5.127;mean_in_tok=1800;pc_hit=49.31%;pc_q=921600;depth=3;cells=139;zipf=1.0;shared_tok=1000;indiv_tok=800
BN1-c139-uni-c128-o128,2026-09-04,borrowed-2026-09,vllm-0.28.0,nytopop/Qwen3-8B.w8a8,w8a8-int8,1,1,8192,128,on,0,128,1500,128,765.55,9736.82,5280.91,19888.37,53.278,1090.385,0.999,BN-1 realistic cell count; ds=custom;n=512;dur=85.6s;completed=512;req_s=5.981;mean_in_tok=1500;pc_hit=55.0%;pc_q=768000;depth=3;cells=139;zipf=0.0;shared_tok=1000;indiv_tok=500
BN1-c139-z10-c128-o128,2026-09-04,borrowed-2026-09,vllm-0.28.0,nytopop/Qwen3-8B.w8a8,w8a8-int8,1,1,8192,128,on,0,128,1500,128,776.41,9874.98,4395.77,18806.01,54.701,1115.058,1.0,BN-1 realistic cell count; ds=custom;n=512;dur=84.4s;completed=512;req_s=6.066;mean_in_tok=1500;pc_hit=58.51%;pc_q=768000;depth=3;cells=139;zipf=1.0;shared_tok=1000;indiv_tok=500
BN1-c556-z10-c64-o128,2026-09-04,borrowed-2026-09,vllm-0.28.0,nytopop/Qwen3-8B.w8a8,w8a8-int8,1,1,8192,128,on,0,64,1500,128,844.37,10739.27,2867.79,4460.41,36.362,1008.281,0.485,BN-1 realistic cell count; ds=custom;n=512;dur=77.6s;completed=512;req_s=6.597;mean_in_tok=1500;pc_hit=58.05%;pc_q=768000;depth=3;cells=556;zipf=1.0;shared_tok=1000;indiv_tok=500
BN1-c139-z15-c128-o128,2026-09-04,borrowed-2026-09,vllm-0.28.0,nytopop/Qwen3-8B.w8a8,w8a8-int8,1,1,8192,128,on,0,128,1500,128,795.89,10122.7,3418.26,9822.93,57.917,1145.622,1.0,BN-1 realistic cell count; ds=custom;n=512;dur=82.3s;completed=512;req_s=6.218;mean_in_tok=1500;pc_hit=62.28%;pc_q=768000;depth=3;cells=139;zipf=1.5;shared_tok=1000;indiv_tok=500
BN2-s1000i500-c64-o128,2026-09-04,borrowed-2026-09,vllm-0.28.0,nytopop/Qwen3-8B.w8a8,w8a8-int8,1,1,8192,128,on,0,64,1500,128,867.19,11029.58,2751.19,4181.87,35.841,938.429,0.637,BN-2 sharing cliff; ds=custom;n=512;dur=75.6s;completed=512;req_s=6.775;mean_in_tok=1500;pc_hit=59.38%;pc_q=768000;depth=3;cells=139;zipf=1.0;shared_tok=1000;indiv_tok=500
BN1-c556-z10-c128-o128,2026-09-04,borrowed-2026-09,vllm-0.28.0,nytopop/Qwen3-8B.w8a8,w8a8-int8,1,1,8192,128,on,0,128,1500,128,771.06,9806.92,4380.04,19710.82,54.037,1104.122,0.999,BN-1 realistic cell count; ds=custom;n=512;dur=85.0s;completed=512;req_s=6.024;mean_in_tok=1500;pc_hit=57.06%;pc_q=768000;depth=3;cells=556;zipf=1.0;shared_tok=1000;indiv_tok=500
BN1-c32-uni-anchor-c64-o128,2026-09-04,borrowed-2026-09,vllm-0.28.0,nytopop/Qwen3-8B.w8a8,w8a8-int8,1,1,8192,128,on,0,64,1500,128,854.17,10863.99,2737.71,4325.98,36.271,987.511,0.477,BN-1 anchor: stage-3 condition re-measured under stage-4 parallel load; ds=custom;n=512;dur=76.7s;completed=512;req_s=6.673;mean_in_tok=1500;pc_hit=58.95%;pc_q=768000;depth=3;cells=32;zipf=0.0;shared_tok=1000;indiv_tok=500
BN1-dp7-free-c64-o128-c139z10,2026-09-04,borrowed-2026-09,vllm-0.28.0,nytopop/Qwen3-8B.w8a8,w8a8-int8,1,7,8192,128,on,0,448,1500,128,6077.86,77302.73,2668.36,5047.92,35.942,1007.157,,"DP7 simultaneous;numa=0;replicas_ok=7/7;conc_per_gpu=64;n_per_gpu=512;wall=88.9s;req_s_total=47.483;per_gpu_out_tok_s=[881.7, 863.8, 851.5, 868.0, 870.9, 868.4, 873.7];spread=3.5%;pc_hit=59.39%;BN-1 DP7 at the realistic W1 point;depth=3;cells=139;zipf=1.0;shared_tok=1000;indiv_tok=500"
BN1-dp7-free-c64-o64-c139z10,2026-09-04,borrowed-2026-09,vllm-0.28.0,nytopop/Qwen3-8B.w8a8,w8a8-int8,1,7,8192,128,on,0,448,1500,64,3951.71,96569.95,2861.48,5115.48,35.927,1059.3,,"DP7 simultaneous;numa=0;replicas_ok=7/7;conc_per_gpu=64;n_per_gpu=768;wall=101.5s;req_s_total=61.745;per_gpu_out_tok_s=[571.7, 562.6, 552.0, 554.8, 576.2, 563.7, 570.8];spread=4.3%;pc_hit=58.78%;BN-1 DP7 at the highest-req/s point;depth=3;cells=139;zipf=1.0;shared_tok=1000;indiv_tok=500"
BN2C-b200-c139-c64-o128,2026-09-04,borrowed-2026-09,vllm-0.28.0,nytopop/Qwen3-8B.w8a8,w8a8-int8,1,1,8192,128,on,0,64,1500,128,871.2,11080.6,1957.35,4744.62,35.811,966.279,0.563,BN-2C cell-clause length sweep; ds=custom;n=512;dur=75.2s;completed=512;req_s=6.806;mean_in_tok=1500;pc_hit=59.39%;pc_q=768000;depth=3;cells=139;zipf=1.0;shared_tok=1000;indiv_tok=500;b_cell=200
BN2C-b500-c139-c64-o128,2026-09-04,borrowed-2026-09,vllm-0.28.0,nytopop/Qwen3-8B.w8a8,w8a8-int8,1,1,8192,128,on,0,64,1800,128,681.36,10262.91,2993.09,5449.21,39.902,1051.314,0.827,BN-2C cell-clause length sweep; ds=custom;n=512;dur=96.2s;completed=512;req_s=5.323;mean_in_tok=1800;pc_hit=53.6%;pc_q=921600;depth=3;cells=139;zipf=1.0;shared_tok=1300;indiv_tok=500;b_cell=500
BN2C-b500-c32-c64-o128,2026-09-04,borrowed-2026-09,vllm-0.28.0,nytopop/Qwen3-8B.w8a8,w8a8-int8,1,1,8192,128,on,0,64,1800,128,718.07,10815.99,2808.1,5456.61,39.524,1033.449,0.82,BN-2C cell-clause length sweep; ds=custom;n=512;dur=91.3s;completed=512;req_s=5.610;mean_in_tok=1800;pc_hit=57.68%;pc_q=921600;depth=3;cells=32;zipf=1.0;shared_tok=1300;indiv_tok=500;b_cell=500
BN2C-b800-c139-c64-o128,2026-09-04,borrowed-2026-09,vllm-0.28.0,nytopop/Qwen3-8B.w8a8,w8a8-int8,1,1,8192,128,on,0,64,2100,128,518.6,9026.88,3075.42,7269.89,43.939,1111.847,0.996,BN-2C cell-clause length sweep; ds=custom;n=512;dur=126.4s;completed=512;req_s=4.052;mean_in_tok=2100;pc_hit=48.82%;pc_q=1075200;depth=3;cells=139;zipf=1.0;shared_tok=1600;indiv_tok=500;b_cell=800
BN2C-b500-c556-c64-o128,2026-09-04,borrowed-2026-09,vllm-0.28.0,nytopop/Qwen3-8B.w8a8,w8a8-int8,1,1,8192,128,on,0,64,1800,128,672.61,10131.17,2995.31,5954.23,39.788,1030.231,0.861,BN-2C cell-clause length sweep; ds=custom;n=512;dur=97.4s;completed=512;req_s=5.255;mean_in_tok=1800;pc_hit=51.15%;pc_q=921600;depth=3;cells=556;zipf=1.0;shared_tok=1300;indiv_tok=500;b_cell=500
BN4-s4repl-b200-o128,2026-09-04,borrowed-2026-09,vllm-0.28.0,nytopop/Qwen3-8B.w8a8,w8a8-int8,1,7,8192,128,on,0,448,1500,128,5994.68,76244.88,2928.02,5642.28,35.934,1013.393,0.4812,"arm=ctl-stage4-replica;DP7 simultaneous;replicas_ok=7/7;conc_per_gpu=64;n_per_gpu=[512, 512, 512, 512, 512, 512, 512];n_total=3584;wall=89.8s;dur_max=77.9s;dur_min=75.7s;req_s_sum=46.833;req_s_wall=46.000;out_tok_s_wall=5888.0;tot_tok_s_wall=74888.4;per_gpu_out_tok_s=[865.6, 856.7, 841.1, 853.0, 862.5, 849.5, 866.2];spread=2.9%;pc_hit=57.71%;pc_hit_per_gpu=[57.7, 57.7, 57.71, 57.67, 57.71, 57.73, 57.73];kv_busy_mean_per_gpu=[0.4811, 0.4779, 0.4856, 0.4737, 0.4825, 0.4949, 0.4727];kv_peak_per_gpu=[0.6479, 0.6452, 0.6404, 0.6452, 0.6506, 0.6452, 0.6576];cache_reset=7/7;;depth=3;cells=139;zipf=1.0;types=10;b_cell=200;shared_tok=1000;indiv_tok=500;routing=stage4-identical-stream"
BN4-ctl-b200-o128,2026-09-04,borrowed-2026-09,vllm-0.28.0,nytopop/Qwen3-8B.w8a8,w8a8-int8,1,7,8192,128,on,0,448,1500,128,5885.12,74851.31,2810.02,5554.58,36.345,1040.544,0.4884,"arm=ctl;DP7 simultaneous;replicas_ok=7/7;conc_per_gpu=64;n_per_gpu=[512, 512, 512, 512, 512, 512, 512];n_total=3584;wall=91.5s;dur_max=79.7s;dur_min=76.4s;req_s_sum=45.977;req_s_wall=44.995;out_tok_s_wall=5759.3;tot_tok_s_wall=73251.7;per_gpu_out_tok_s=[845.9, 839.8, 822.8, 831.3, 857.5, 837.3, 850.4];spread=4.1%;pc_hit=57.54%;pc_hit_per_gpu=[57.64, 57.67, 57.6, 57.1, 57.81, 57.43, 57.51];kv_busy_mean_per_gpu=[0.5052, 0.4794, 0.4811, 0.5035, 0.4787, 0.4862, 0.4849];kv_peak_per_gpu=[0.6551, 0.6537, 0.6367, 0.6584, 0.6591, 0.6526, 0.6491];cache_reset=7/7;;depth=3;cells=139;zipf=1.0;types=10;b_cell=200;shared_tok=1000;indiv_tok=500;routing=control-full-mixture"
BN4-aff-b200-o128,2026-09-04,borrowed-2026-09,vllm-0.28.0,nytopop/Qwen3-8B.w8a8,w8a8-int8,1,7,8192,128,on,0,448,1500,128,6214.72,79043.49,2772.49,5550.39,36.003,1054.409,0.4534,"arm=aff-equal;DP7 simultaneous;replicas_ok=7/7;conc_per_gpu=64;n_per_gpu=[512, 512, 512, 512, 512, 512, 512];n_total=3584;wall=87.6s;dur_max=75.6s;dur_min=71.2s;req_s_sum=48.553;req_s_wall=47.409;out_tok_s_wall=6068.4;tot_tok_s_wall=77181.9;per_gpu_out_tok_s=[920.3, 890.8, 866.9, 882.5, 889.9, 879.6, 884.7];spread=6.0%;pc_hit=61.85%;pc_hit_per_gpu=[63.57, 62.47, 61.7, 61.68, 60.94, 61.56, 61.02];kv_busy_mean_per_gpu=[0.4227, 0.4525, 0.448, 0.4586, 0.4626, 0.4516, 0.4778];kv_peak_per_gpu=[0.5841, 0.6034, 0.6057, 0.6128, 0.6366, 0.6184, 0.6335];cache_reset=7/7;;depth=3;cells=139;zipf=1.0;types=10;b_cell=200;shared_tok=1000;indiv_tok=500;routing=affinity-cellmod7-balanced"
BN4-affprop-b200-o128,2026-09-04,borrowed-2026-09,vllm-0.28.0,nytopop/Qwen3-8B.w8a8,w8a8-int8,1,7,8192,128,on,0,448,1500,128,6091.06,77470.69,2685.75,5464.41,36.008,1010.34,0.4429,"arm=aff-proportional;DP7 simultaneous;replicas_ok=7/7;conc_per_gpu=64;n_per_gpu=[1021, 607, 467, 414, 403, 348, 324];n_total=3584;wall=155.3s;dur_max=142.2s;dur_min=48.8s;req_s_sum=47.586;req_s_wall=25.197;out_tok_s_wall=3225.2;tot_tok_s_wall=41020.1;per_gpu_out_tok_s=[918.8, 880.9, 849.8, 865.8, 870.6, 855.5, 849.7];spread=7.9%;pc_hit=62.19%;pc_hit_per_gpu=[63.81, 62.62, 61.8, 61.43, 60.97, 60.97, 60.6];kv_busy_mean_per_gpu=[0.4386, 0.4455, 0.4356, 0.4435, 0.4567, 0.4289, 0.4517];kv_peak_per_gpu=[0.5868, 0.6037, 0.6049, 0.6167, 0.6128, 0.6078, 0.6302];cache_reset=7/7;;depth=3;cells=139;zipf=1.0;types=10;b_cell=200;shared_tok=1000;indiv_tok=500;routing=affinity-cellmod7-true-zipf-load"
BN4-affrep-b200-o128,2026-09-04,borrowed-2026-09,vllm-0.28.0,nytopop/Qwen3-8B.w8a8,w8a8-int8,1,7,8192,128,on,0,448,1500,128,6207.16,78947.26,2613.89,5363.52,35.61,995.596,0.4479,"arm=aff-replicated;DP7 simultaneous;replicas_ok=7/7;conc_per_gpu=64;n_per_gpu=[672, 466, 368, 414, 502, 489, 673];n_total=3584;wall=109.1s;dur_max=96.0s;dur_min=54.4s;req_s_sum=48.493;req_s_wall=37.324;out_tok_s_wall=4777.5;tot_tok_s_wall=60764.1;per_gpu_out_tok_s=[895.8, 873.6, 865.7, 877.4, 896.2, 890.2, 908.2];spread=4.8%;pc_hit=61.91%;pc_hit_per_gpu=[62.6, 61.57, 60.77, 61.36, 61.3, 61.97, 62.82];kv_busy_mean_per_gpu=[0.4337, 0.4435, 0.4526, 0.4541, 0.4544, 0.4491, 0.4481];kv_peak_per_gpu=[0.5927, 0.6232, 0.623, 0.6161, 0.6217, 0.6176, 0.6055];cache_reset=7/7;;depth=3;cells=139;zipf=1.0;types=10;b_cell=200;shared_tok=1000;indiv_tok=500;routing=affinity-cellmod7-top3-replicated"
BN4-ctl-b500-o128,2026-09-04,borrowed-2026-09,vllm-0.28.0,nytopop/Qwen3-8B.w8a8,w8a8-int8,1,7,8192,128,on,0,448,1800,128,4675.84,70429.86,2968.88,8012.16,40.086,1066.024,0.6679,"arm=ctl;DP7 simultaneous;replicas_ok=7/7;conc_per_gpu=64;n_per_gpu=[512, 512, 512, 512, 512, 512, 512];n_total=3584;wall=111.8s;dur_max=99.4s;dur_min=96.8s;req_s_sum=36.530;req_s_wall=36.060;out_tok_s_wall=4615.7;tot_tok_s_wall=69523.5;per_gpu_out_tok_s=[664.6, 664.0, 659.4, 671.6, 674.5, 677.1, 664.6];spread=2.7%;pc_hit=51.7%;pc_hit_per_gpu=[51.12, 51.42, 52.34, 52.18, 51.09, 52.87, 50.89];kv_busy_mean_per_gpu=[0.6603, 0.6733, 0.6727, 0.6682, 0.6595, 0.6639, 0.6773];kv_peak_per_gpu=[0.8552, 0.8616, 0.8493, 0.8429, 0.8574, 0.841, 0.8527];cache_reset=7/7;;depth=3;cells=139;zipf=1.0;types=10;b_cell=500;shared_tok=1300;indiv_tok=500;routing=control-full-mixture"
BN4-aff-b500-o128,2026-09-04,borrowed-2026-09,vllm-0.28.0,nytopop/Qwen3-8B.w8a8,w8a8-int8,1,7,8192,128,on,0,448,1800,128,5263.37,79279.44,2888.27,7471.04,39.241,1088.343,0.5875,"arm=aff-equal;DP7 simultaneous;replicas_ok=7/7;conc_per_gpu=64;n_per_gpu=[512, 512, 512, 512, 512, 512, 512];n_total=3584;wall=102.4s;dur_max=90.3s;dur_min=80.1s;req_s_sum=41.120;req_s_wall=39.678;out_tok_s_wall=5078.8;tot_tok_s_wall=76499.8;per_gpu_out_tok_s=[818.6, 763.0, 746.6, 737.1, 732.4, 725.5, 740.1];spread=12.4%;pc_hit=60.67%;pc_hit_per_gpu=[65.26, 62.27, 61.64, 59.66, 58.28, 58.5, 59.1];kv_busy_mean_per_gpu=[0.5123, 0.5793, 0.5451, 0.6121, 0.6305, 0.6076, 0.6256];kv_peak_per_gpu=[0.6842, 0.7609, 0.7628, 0.7894, 0.8035, 0.8083, 0.7975];cache_reset=7/7;;depth=3;cells=139;zipf=1.0;types=10;b_cell=500;shared_tok=1300;indiv_tok=500;routing=affinity-cellmod7-balanced"
BN4-affprop-b500-o128,2026-09-04,borrowed-2026-09,vllm-0.28.0,nytopop/Qwen3-8B.w8a8,w8a8-int8,1,7,8192,128,on,0,448,1800,128,5214.41,78542.0,2967.32,7523.59,39.088,1088.259,0.5698,"arm=aff-proportional;DP7 simultaneous;replicas_ok=7/7;conc_per_gpu=64;n_per_gpu=[939, 629, 472, 452, 420, 360, 312];n_total=3584;wall=160.5s;dur_max=147.0s;dur_min=54.0s;req_s_sum=40.738;req_s_wall=24.386;out_tok_s_wall=3121.5;tot_tok_s_wall=47017.1;per_gpu_out_tok_s=[817.8, 767.6, 739.6, 712.1, 730.5, 707.6, 739.3];spread=14.8%;pc_hit=61.64%;pc_hit_per_gpu=[65.74, 62.72, 61.93, 59.1, 58.57, 57.76, 58.96];kv_busy_mean_per_gpu=[0.5184, 0.5502, 0.5394, 0.6049, 0.594, 0.6104, 0.5713];kv_peak_per_gpu=[0.7026, 0.736, 0.7543, 0.7798, 0.7778, 0.7871, 0.7784];cache_reset=7/7;;depth=3;cells=139;zipf=1.0;types=10;b_cell=500;shared_tok=1300;indiv_tok=500;routing=affinity-cellmod7-true-zipf-load"
BN4-affrep-b500-o128,2026-09-04,borrowed-2026-09,vllm-0.28.0,nytopop/Qwen3-8B.w8a8,w8a8-int8,1,7,8192,128,on,0,448,1800,128,5256.96,79183.03,2801.21,7215.98,38.824,1048.518,0.5807,"arm=aff-replicated;DP7 simultaneous;replicas_ok=7/7;conc_per_gpu=64;n_per_gpu=[614, 459, 363, 452, 529, 530, 637];n_total=3584;wall=114.4s;dur_max=101.5s;dur_min=64.1s;req_s_sum=41.070;req_s_wall=35.308;out_tok_s_wall=4519.4;tot_tok_s_wall=68073.0;per_gpu_out_tok_s=[778.8, 739.9, 724.7, 723.9, 740.6, 745.7, 803.2];spread=10.6%;pc_hit=60.92%;pc_hit_per_gpu=[63.15, 60.24, 59.38, 59.11, 59.12, 60.45, 63.31];kv_busy_mean_per_gpu=[0.5584, 0.5627, 0.5992, 0.5955, 0.5989, 0.5817, 0.5687];kv_peak_per_gpu=[0.774, 0.7892, 0.7865, 0.7825, 0.7956, 0.7915, 0.7514];cache_reset=7/7;;depth=3;cells=139;zipf=1.0;types=10;b_cell=500;shared_tok=1300;indiv_tok=500;routing=affinity-cellmod7-top3-replicated"
BN4-ctl-b200-o64,2026-09-04,borrowed-2026-09,vllm-0.28.0,nytopop/Qwen3-8B.w8a8,w8a8-int8,1,7,8192,128,on,0,448,1500,64,3909.93,95549.03,2982.63,5415.25,35.84,1039.152,0.4311,"arm=ctl;DP7 simultaneous;replicas_ok=7/7;conc_per_gpu=64;n_per_gpu=[512, 512, 512, 512, 512, 512, 512];n_total=3584;wall=71.9s;dur_max=59.6s;dur_min=57.6s;req_s_sum=61.093;req_s_wall=60.103;out_tok_s_wall=3846.6;tot_tok_s_wall=94001.5;per_gpu_out_tok_s=[561.0, 559.4, 549.5, 554.9, 568.5, 554.2, 562.5];spread=3.4%;pc_hit=57.71%;pc_hit_per_gpu=[57.9, 57.94, 57.78, 57.23, 57.97, 57.52, 57.61];kv_busy_mean_per_gpu=[0.4222, 0.4284, 0.4377, 0.4224, 0.4462, 0.4335, 0.427];kv_peak_per_gpu=[0.5889, 0.5949, 0.5991, 0.5983, 0.5897, 0.5995, 0.6028];cache_reset=7/7;;depth=3;cells=139;zipf=1.0;types=10;b_cell=200;shared_tok=1000;indiv_tok=500"
BN4-aff-b200-o64,2026-09-04,borrowed-2026-09,vllm-0.28.0,nytopop/Qwen3-8B.w8a8,w8a8-int8,1,7,8192,128,on,0,448,1500,64,4176.1,102053.33,2692.96,5510.24,35.537,1064.215,0.4071,"arm=aff-equal;DP7 simultaneous;replicas_ok=7/7;conc_per_gpu=64;n_per_gpu=[512, 512, 512, 512, 512, 512, 512];n_total=3584;wall=68.4s;dur_max=56.3s;dur_min=52.8s;req_s_sum=65.251;req_s_wall=63.670;out_tok_s_wall=4074.9;tot_tok_s_wall=99579.2;per_gpu_out_tok_s=[620.3, 600.4, 582.1, 593.4, 598.4, 587.6, 593.9];spread=6.4%;pc_hit=61.99%;pc_hit_per_gpu=[63.62, 62.61, 61.92, 61.78, 61.1, 61.77, 61.12];kv_busy_mean_per_gpu=[0.3545, 0.4085, 0.4081, 0.4081, 0.4241, 0.4311, 0.4154];kv_peak_per_gpu=[0.504, 0.5682, 0.5524, 0.564, 0.5748, 0.5763, 0.5779];cache_reset=7/7;;depth=3;cells=139;zipf=1.0;types=10;b_cell=200;shared_tok=1000;indiv_tok=500"
BN4-ctl-b200-o128-rep2,2026-09-04,borrowed-2026-09,vllm-0.28.0,nytopop/Qwen3-8B.w8a8,w8a8-int8,1,7,8192,128,on,0,448,1500,128,5861.83,74555.1,2976.28,5742.29,36.497,1057.016,0.481,"arm=ctl;DP7 simultaneous;replicas_ok=7/7;conc_per_gpu=64;n_per_gpu=[512, 512, 512, 512, 512, 512, 512];n_total=3584;wall=92.4s;dur_max=80.3s;dur_min=76.6s;req_s_sum=45.796;req_s_wall=44.637;out_tok_s_wall=5713.5;tot_tok_s_wall=72668.8;per_gpu_out_tok_s=[849.3, 831.2, 816.2, 830.6, 856.0, 833.0, 845.5];spread=4.8%;pc_hit=57.55%;pc_hit_per_gpu=[57.69, 57.69, 57.57, 57.07, 57.86, 57.43, 57.54];kv_busy_mean_per_gpu=[0.4746, 0.489, 0.4723, 0.4847, 0.4774, 0.4817, 0.4871];kv_peak_per_gpu=[0.6551, 0.6584, 0.6383, 0.6462, 0.6572, 0.6533, 0.6481];cache_reset=7/7;;depth=3;cells=139;zipf=1.0;types=10;b_cell=200;shared_tok=1000;indiv_tok=500;repeat=2"
BN4-aff-b200-o128-rep2,2026-09-04,borrowed-2026-09,vllm-0.28.0,nytopop/Qwen3-8B.w8a8,w8a8-int8,1,7,8192,128,on,0,448,1500,128,6200.02,78856.48,2736.84,5596.96,36.095,1048.316,0.459,"arm=aff-equal;DP7 simultaneous;replicas_ok=7/7;conc_per_gpu=64;n_per_gpu=[512, 512, 512, 512, 512, 512, 512];n_total=3584;wall=88.1s;dur_max=75.9s;dur_min=71.3s;req_s_sum=48.438;req_s_wall=47.243;out_tok_s_wall=6047.1;tot_tok_s_wall=76911.5;per_gpu_out_tok_s=[918.8, 887.6, 863.9, 880.5, 887.7, 877.7, 883.9];spread=6.2%;pc_hit=61.87%;pc_hit_per_gpu=[63.59, 62.52, 61.74, 61.68, 60.91, 61.57, 61.08];kv_busy_mean_per_gpu=[0.4234, 0.4633, 0.4511, 0.4603, 0.4822, 0.4565, 0.4764];kv_peak_per_gpu=[0.5794, 0.6086, 0.6126, 0.6196, 0.636, 0.6232, 0.6221];cache_reset=7/7;;depth=3;cells=139;zipf=1.0;types=10;b_cell=200;shared_tok=1000;indiv_tok=500;repeat=2"
BN5-ord-tc-b200-o128,2026-09-04,borrowed-2026-09,vllm-0.28.0,nytopop/Qwen3-8B.w8a8,w8a8-int8,1,7,8192,128,on,0,448,1500,128,5974.33,75986.03,2872.61,5667.31,35.916,1009.555,0.4839,"arm=order-tc;DP7 simultaneous;replicas_ok=7/7;conc_per_gpu=64;n_per_gpu=[512, 512, 512, 512, 512, 512, 512];n_total=3584;wall=90.4s;dur_max=78.2s;dur_min=75.8s;req_s_sum=46.674;req_s_wall=45.841;out_tok_s_wall=5867.7;tot_tok_s_wall=74629.7;per_gpu_out_tok_s=[864.7, 854.9, 838.2, 846.2, 860.3, 849.9, 860.1];spread=3.1%;pc_hit=57.54%;pc_hit_per_gpu=[57.66, 57.69, 57.63, 57.1, 57.84, 57.44, 57.45];kv_busy_mean_per_gpu=[0.4753, 0.481, 0.4916, 0.4806, 0.4924, 0.4835, 0.4831];kv_peak_per_gpu=[0.645, 0.6449, 0.6533, 0.6601, 0.6414, 0.6533, 0.6425];cache_reset=7/7;;depth=3;cells=139;zipf=1.0;types=10;routing=control-full-mixture;order=world-type-cell-indiv;b_cell=200;indiv=500;tree_full_tok=280600"
BN5-ord-ct-b200-o128,2026-09-04,borrowed-2026-09,vllm-0.28.0,nytopop/Qwen3-8B.w8a8,w8a8-int8,1,7,8192,128,on,0,448,1500,128,5615.11,71417.12,2998.87,6243.82,36.675,1052.014,0.5215,"arm=order-ct;DP7 simultaneous;replicas_ok=7/7;conc_per_gpu=64;n_per_gpu=[512, 512, 512, 512, 512, 512, 512];n_total=3584;wall=96.3s;dur_max=84.2s;dur_min=80.3s;req_s_sum=43.868;req_s_wall=42.570;out_tok_s_wall=5449.0;tot_tok_s_wall=69303.9;per_gpu_out_tok_s=[809.2, 805.1, 778.4, 800.1, 816.1, 799.7, 806.5];spread=4.7%;pc_hit=53.98%;pc_hit_per_gpu=[53.83, 54.59, 53.66, 54.05, 54.27, 54.03, 53.39];kv_busy_mean_per_gpu=[0.5093, 0.5155, 0.5279, 0.5323, 0.5312, 0.5264, 0.5081];kv_peak_per_gpu=[0.7012, 0.7097, 0.7035, 0.7016, 0.7062, 0.707, 0.7099];cache_reset=7/7;;depth=3;cells=139;zipf=1.0;types=10;routing=control-full-mixture;order=world-cell-type-indiv;b_cell=200;indiv=500;tree_full_tok=306400"
BN5-ord-tc-b500-o128,2026-09-04,borrowed-2026-09,vllm-0.28.0,nytopop/Qwen3-8B.w8a8,w8a8-int8,1,7,8192,128,on,0,448,1800,128,4653.53,70093.78,3295.35,8395.87,40.253,1091.242,0.655,"arm=order-tc;DP7 simultaneous;replicas_ok=7/7;conc_per_gpu=64;n_per_gpu=[512, 512, 512, 512, 512, 512, 512];n_total=3584;wall=112.9s;dur_max=100.9s;dur_min=97.5s;req_s_sum=36.356;req_s_wall=35.516;out_tok_s_wall=4546.1;tot_tok_s_wall=68474.9;per_gpu_out_tok_s=[667.6, 658.8, 649.4, 664.7, 672.3, 672.3, 668.4];spread=3.4%;pc_hit=51.69%;pc_hit_per_gpu=[51.28, 51.31, 52.29, 52.14, 50.99, 52.81, 51.04];kv_busy_mean_per_gpu=[0.6464, 0.6477, 0.6723, 0.6705, 0.6572, 0.6458, 0.6454];kv_peak_per_gpu=[0.8678, 0.8616, 0.844, 0.8475, 0.8682, 0.8466, 0.8529];cache_reset=7/7;;depth=3;cells=139;zipf=1.0;types=10;routing=control-full-mixture;order=world-type-cell-indiv;b_cell=500;indiv=500;tree_full_tok=697600"
BN5-ord-ct-b500-o128,2026-09-04,borrowed-2026-09,vllm-0.28.0,nytopop/Qwen3-8B.w8a8,w8a8-int8,1,7,8192,128,on,0,448,1800,128,4884.97,73579.8,3055.81,8067.42,39.599,1090.844,0.6347,"arm=order-ct;DP7 simultaneous;replicas_ok=7/7;conc_per_gpu=64;n_per_gpu=[512, 512, 512, 512, 512, 512, 512];n_total=3584;wall=109.3s;dur_max=97.0s;dur_min=91.9s;req_s_sum=38.164;req_s_wall=36.953;out_tok_s_wall=4730.0;tot_tok_s_wall=71245.5;per_gpu_out_tok_s=[713.0, 689.7, 675.7, 696.6, 703.9, 693.3, 712.7];spread=5.3%;pc_hit=55.24%;pc_hit_per_gpu=[55.94, 54.94, 55.4, 55.41, 54.38, 54.9, 55.73];kv_busy_mean_per_gpu=[0.624, 0.6457, 0.6554, 0.6344, 0.6338, 0.6246, 0.6252];kv_peak_per_gpu=[0.8493, 0.8533, 0.8263, 0.8246, 0.8452, 0.8261, 0.8288];cache_reset=7/7;;depth=3;cells=139;zipf=1.0;types=10;routing=control-full-mixture;order=world-cell-type-indiv;b_cell=500;indiv=500;tree_full_tok=348100"
BN5-contract-v1-tc-o128,2026-09-04,borrowed-2026-09,vllm-0.28.0,nytopop/Qwen3-8B.w8a8,w8a8-int8,1,7,8192,128,on,0,448,1300,128,7115.45,79381.72,2318.94,4536.75,33.997,723.326,0.3997,"arm=contract-v1-tc;DP7 simultaneous;replicas_ok=7/7;conc_per_gpu=64;n_per_gpu=[512, 512, 512, 512, 512, 512, 512];n_total=3584;wall=77.9s;dur_max=65.9s;dur_min=63.2s;req_s_sum=55.589;req_s_wall=54.402;out_tok_s_wall=6963.4;tot_tok_s_wall=77685.6;per_gpu_out_tok_s=[1024.1, 1008.4, 994.8, 1009.9, 1036.2, 1012.3, 1029.7];spread=4.1%;pc_hit=64.55%;pc_hit_per_gpu=[64.23, 64.28, 64.94, 64.47, 64.64, 64.55, 64.75];kv_busy_mean_per_gpu=[0.4031, 0.3946, 0.3984, 0.4, 0.4051, 0.3977, 0.399];kv_peak_per_gpu=[0.5165, 0.5248, 0.509, 0.5368, 0.5292, 0.5215, 0.5184];cache_reset=7/7;;depth=3;cells=139;zipf=1.0;types=10;routing=control-full-mixture;contract=v1;order=world-type-cell-indiv;static=750;b_cell=250;indiv=300;total=1300;tree_full_tok=350050"
BN5-contract-v1-ct-o128,2026-09-04,borrowed-2026-09,vllm-0.28.0,nytopop/Qwen3-8B.w8a8,w8a8-int8,1,7,8192,128,on,0,448,1300,128,6888.18,76846.25,2405.41,5175.31,34.186,855.58,0.4224,"arm=contract-v1-ct;DP7 simultaneous;replicas_ok=7/7;conc_per_gpu=64;n_per_gpu=[512, 512, 512, 512, 512, 512, 512];n_total=3584;wall=80.5s;dur_max=68.4s;dur_min=65.8s;req_s_sum=53.814;req_s_wall=52.362;out_tok_s_wall=6702.3;tot_tok_s_wall=74772.6;per_gpu_out_tok_s=[993.8, 988.8, 957.5, 989.3, 995.7, 976.8, 986.3];spread=3.9%;pc_hit=62.0%;pc_hit_per_gpu=[61.97, 62.91, 61.8, 62.81, 61.62, 61.63, 61.29];kv_busy_mean_per_gpu=[0.4223, 0.4224, 0.4075, 0.4201, 0.4267, 0.4316, 0.4265];kv_peak_per_gpu=[0.5651, 0.5595, 0.5559, 0.5665, 0.5738, 0.5792, 0.5885];cache_reset=7/7;;depth=3;cells=139;zipf=1.0;types=10;routing=control-full-mixture;contract=v1;order=world-cell-type-indiv;static=750;b_cell=250;indiv=300;total=1300;tree_full_tok=313300"
BN5-contract-v1-tc-o64,2026-09-04,borrowed-2026-09,vllm-0.28.0,nytopop/Qwen3-8B.w8a8,w8a8-int8,1,7,8192,128,on,0,448,1300,64,4924.63,104956.13,2281.36,4424.45,33.518,1049.38,0.3598,"arm=contract-v1-tc;DP7 simultaneous;replicas_ok=7/7;conc_per_gpu=64;n_per_gpu=[512, 512, 512, 512, 512, 512, 512];n_total=3584;wall=59.4s;dur_max=47.6s;dur_min=45.7s;req_s_sum=76.947;req_s_wall=75.253;out_tok_s_wall=4816.2;tot_tok_s_wall=102645.0;per_gpu_out_tok_s=[710.5, 694.9, 688.0, 699.2, 717.8, 699.0, 715.2];spread=4.2%;pc_hit=64.79%;pc_hit_per_gpu=[64.63, 64.5, 65.1, 64.6, 64.85, 64.76, 65.06];kv_busy_mean_per_gpu=[0.3579, 0.3415, 0.3655, 0.3706, 0.3665, 0.3537, 0.3627];kv_peak_per_gpu=[0.4659, 0.4781, 0.4721, 0.4812, 0.4798, 0.471, 0.469];cache_reset=7/7;;depth=3;cells=139;zipf=1.0;types=10;routing=control-full-mixture;contract=v1;order=world-type-cell-indiv;static=750;b_cell=250;indiv=300;total=1300;tree_full_tok=350050"
BN5-contract-v1-ct-o64,2026-09-04,borrowed-2026-09,vllm-0.28.0,nytopop/Qwen3-8B.w8a8,w8a8-int8,1,7,8192,128,on,0,448,1300,64,4724.67,100694.47,2367.97,5090.58,33.711,1043.139,0.3813,"arm=contract-v1-ct;DP7 simultaneous;replicas_ok=7/7;conc_per_gpu=64;n_per_gpu=[512, 512, 512, 512, 512, 512, 512];n_total=3584;wall=61.6s;dur_max=49.9s;dur_min=47.9s;req_s_sum=73.823;req_s_wall=71.870;out_tok_s_wall=4599.7;tot_tok_s_wall=98030.3;per_gpu_out_tok_s=[682.4, 676.6, 657.1, 682.8, 684.5, 666.4, 674.8];spread=4.1%;pc_hit=62.33%;pc_hit_per_gpu=[62.12, 63.16, 62.21, 63.2, 62.1, 61.87, 61.67];kv_busy_mean_per_gpu=[0.3713, 0.3828, 0.3869, 0.3644, 0.3895, 0.3828, 0.3913];kv_peak_per_gpu=[0.5283, 0.5223, 0.5246, 0.5213, 0.5161, 0.5298, 0.5391];cache_reset=7/7;;depth=3;cells=139;zipf=1.0;types=10;routing=control-full-mixture;contract=v1;order=world-cell-type-indiv;static=750;b_cell=250;indiv=300;total=1300;tree_full_tok=313300"
BN5-contract-v0-tc-o64,2026-09-04,borrowed-2026-09,vllm-0.28.0,nytopop/Qwen3-8B.w8a8,w8a8-int8,1,7,8192,128,on,0,448,1800,64,2950.32,85928.13,3090.15,8447.87,39.84,1100.437,0.6105,"arm=contract-v0-tc;DP7 simultaneous;replicas_ok=7/7;conc_per_gpu=64;n_per_gpu=[512, 512, 512, 512, 512, 512, 512];n_total=3584;wall=91.7s;dur_max=79.5s;dur_min=76.4s;req_s_sum=46.099;req_s_wall=45.097;out_tok_s_wall=2886.2;tot_tok_s_wall=84060.7;per_gpu_out_tok_s=[421.3, 412.3, 412.7, 424.6, 428.1, 428.8, 422.5];spread=3.9%;pc_hit=51.85%;pc_hit_per_gpu=[51.24, 51.48, 52.56, 52.31, 51.22, 52.98, 51.17];kv_busy_mean_per_gpu=[0.6274, 0.6419, 0.6293, 0.5964, 0.5847, 0.5797, 0.614];kv_peak_per_gpu=[0.8068, 0.8018, 0.7952, 0.8018, 0.8022, 0.7914, 0.8051];cache_reset=7/7;;depth=3;cells=139;zipf=1.0;types=10;routing=control-full-mixture;contract=v0;order=world-type-cell-indiv;static=800;b_cell=500;indiv=500;total=1800;tree_full_tok=697600"
BN5-ord-ct-b500-o64,2026-09-04,borrowed-2026-09,vllm-0.28.0,nytopop/Qwen3-8B.w8a8,w8a8-int8,1,7,8192,128,on,0,448,1800,64,3134.22,91284.12,3041.31,8146.38,39.154,1103.621,0.5904,"arm=order-ct;DP7 simultaneous;replicas_ok=7/7;conc_per_gpu=64;n_per_gpu=[512, 512, 512, 512, 512, 512, 512];n_total=3584;wall=87.9s;dur_max=75.7s;dur_min=71.4s;req_s_sum=48.972;req_s_wall=47.336;out_tok_s_wall=3029.5;tot_tok_s_wall=88233.7;per_gpu_out_tok_s=[459.1, 439.0, 432.8, 449.0, 450.9, 446.8, 456.7];spread=5.9%;pc_hit=55.44%;pc_hit_per_gpu=[55.99, 55.08, 55.6, 55.66, 54.61, 55.28, 55.89];kv_busy_mean_per_gpu=[0.5705, 0.6091, 0.6083, 0.579, 0.6074, 0.5654, 0.5929];kv_peak_per_gpu=[0.7979, 0.7813, 0.797, 0.7641, 0.7968, 0.7711, 0.7942];cache_reset=7/7;;depth=3;cells=139;zipf=1.0;types=10;routing=control-full-mixture;contract=v0;order=world-cell-type-indiv;static=800;b_cell=500;indiv=500;total=1800;tree_full_tok=348100"
BN5-affrep20-b500-o128,2026-09-04,borrowed-2026-09,vllm-0.28.0,nytopop/Qwen3-8B.w8a8,w8a8-int8,1,7,8192,128,on,0,448,1800,128,5065.42,76297.87,2970.58,7751.24,39.415,1089.583,0.5923,"arm=aff-replicated-top20;DP7 simultaneous;replicas_ok=7/7;conc_per_gpu=64;n_per_gpu=[551, 497, 470, 506, 522, 470, 568];n_total=3584;wall=107.8s;dur_max=95.4s;dur_min=84.0s;req_s_sum=39.574;req_s_wall=37.570;out_tok_s_wall=4809.0;tot_tok_s_wall=72435.3;per_gpu_out_tok_s=[781.4, 713.3, 683.3, 684.9, 700.4, 716.5, 785.7];spread=14.2%;pc_hit=58.82%;pc_hit_per_gpu=[63.0, 58.52, 56.93, 55.2, 55.56, 58.7, 62.92];kv_busy_mean_per_gpu=[0.5307, 0.6083, 0.5971, 0.6563, 0.6208, 0.5854, 0.5472];kv_peak_per_gpu=[0.7446, 0.8137, 0.8155, 0.8383, 0.8589, 0.7859, 0.7377];cache_reset=7/7;;depth=3;cells=139;zipf=1.0;types=10;b_cell=500;shared_tok=1300;indiv_tok=500;routing=affinity-cellmod7-top20-replicated;load_factor=1.109;bn4_followup=1"
